,Unnamed: 0,LLC-load-misses,LLC-loads,LLC-store-misses,LLC-stores,blocks,bytes,cycles,instructions,ref-cycles,pkg_pwr,ram_pwr,power
0,0,241193,2322166,378022,1774179,0,0,1759342280,4519733881,1827732953,100.01,14.29,176.0
1,1,997905,8179813,2741775,6917295,224,114688,3737748244,9074542726,3979529569,109.41,14.88,170.6
2,2,1210911,15184110,1583888,7296541,2352,1204224,3908119391,7977183989,3898613227,112.56,15.06,170.6
3,3,997696,7534810,3104044,10259929,0,0,3630847821,7467466436,3695595081,109.74,15.0,131.9
4,4,1125250,7662455,2981449,8639376,0,0,3755817469,8655630908,3747024521,109.01,14.9,118.9
5,5,90262,646123,143162,268223,19304,9883648,232722273,497320864,225539891,82.87,13.48,118.9
6,6,15398,166447,0,5065,2072,1060864,138243912,290498265,117231940,62.13,12.82,118.9
7,7,16820,156373,1692,19737,2296,1175552,45801158,77207595,46749728,61.57,12.89,118.9
8,8,3492,219554,3105,7095,0,0,57361096,128292276,62417267,62.38,12.99,166.1
9,9,22771,179335,52,10593,0,0,105315871,234897413,114072044,61.95,12.93,173.9
10,10,980167,4843958,1839432,6462841,1952,999424,2640676889,5488232603,2653248882,96.43,14.55,173.6
11,11,974284,6479801,3094985,8710701,0,0,2644244725,6268242533,2775375163,111.23,15.02,173.6
12,12,1042157,7984204,2696449,9110902,2240,1146880,3066044649,6850319021,3191877588,109.35,14.94,163.2
13,13,1104308,7326399,1598994,6529532,0,0,2630324170,6100684171,2832186188,111.81,15.05,120.9
14,14,1007192,7778680,2633689,8200222,0,0,2702585006,5941370405,2805191847,106.69,14.79,120.8
15,15,18423,269658,166,2194,1616,827392,153480896,315796524,98234212,66.06,12.93,120.7
16,16,19354,224740,26,14179,0,0,62857238,60149068,37511337,63.36,12.99,120.8
17,17,14168,285531,756,6925,2352,1204224,235004107,567504469,258380106,63.18,13.06,128.2
18,18,20080,284516,456,5309,0,0,249574825,627095317,260653197,63.95,12.92,171.4
19,19,19325,143564,1983,11046,0,0,171181128,400130667,169946880,65.39,13.22,171.3
20,20,826000,7301639,1972507,6602433,2232,1142784,2843899519,6606649082,3006768472,108.51,14.91,171.6
21,21,1039152,8364013,2020004,6760342,0,0,3312244502,7557050543,3239260697,109.08,14.94,194.1
22,22,1001143,7120198,2542941,7905736,0,0,2551794193,5934369141,2688589427,110.47,14.99,216.1
23,23,1079664,7417971,16479707,29857229,2408,1232896,25041110339,9337795608,27083671536,124.75,15.69,216.0
24,24,462614,3210822,50769384,79727807,56,28672,106718264043,10717619096,108054880866,145.96,17.12,216.0
25,25,492415,3579794,49899900,78604561,1392,712704,109080194899,11315074230,107817668371,145.41,17.01,215.9
26,26,132840,1968209,48749890,77381574,0,0,103791032800,10140188928,104711646952,146.46,17.0,215.9
27,27,50569,1873189,36102964,56037336,0,0,78145989855,7799088223,76881534858,145.47,16.9,215.7
28,28,88769,1306377,55188496,85203259,2296,1175552,118437418748,10922139193,120237924389,145.27,16.88,215.7
29,29,37990,733914,50924150,78112582,0,0,111871665491,8977245731,111982764780,144.82,16.87,215.7
30,30,45118,658927,50223596,78149986,22432,11485184,109722631286,9347499913,109529153408,145.19,16.89,215.7
31,31,47326,659569,54173598,82943961,0,0,116661332462,9858699868,117456077908,145.15,16.9,215.8
32,32,32242,449977,34834018,53422318,57640,29511680,76837453774,6180337157,74297721755,145.09,16.87,216.0
33,33,89730,2042019,54245872,84648544,2352,1204224,117757502587,11029669645,118975334357,146.02,16.92,216.1
34,34,43309,2176515,44041177,67666154,0,0,96931508372,10114297355,96904116646,145.75,16.87,216.2
35,35,63810,2330553,52845311,83991313,17496,8957952,111842574008,11243379165,110765064588,145.79,16.85,216.3
36,36,49064,2353906,51795974,80104814,0,0,110964846917,11110724530,112160120886,145.9,16.92,198.8
37,37,83228,2484082,50385131,79227160,2016,1032192,110780927325,11360717877,109987263792,146.01,16.94,171.9
38,38,639356,5369515,39000111,66287385,2072,1060864,71547166515,12521783690,69806297075,132.54,16.34,171.9
39,39,790974,5922633,1881026,6165202,0,0,3059076670,6867199076,3083905899,108.54,14.88,171.5
40,40,889443,7843102,1746631,10254924,1896,970752,3549012617,8235785446,3710717907,108.51,14.81,147.0
41,41,1043832,8814617,3056598,9314597,2744,1404928,3619047674,8487692007,3787067487,106.47,14.81,216.2
42,42,28702,87591,531,21288,0,0,52511694,80603286,45655847,83.78,14.32,216.1
43,43,233994,967252,42396304,68701859,0,0,90815721633,7752657663,92766087112,145.17,16.91,216.1
44,44,253973,939152,52091756,80161092,2240,1146880,119698316321,10275280725,120552373578,144.76,16.77,216.1
45,45,276386,1116018,54272005,84130433,1000,512000,121851455635,9999661085,122903188971,144.84,16.8,216.1
46,46,130381,396075,33782117,53530189,0,0,77580341120,5932535725,75552382212,144.56,16.73,216.1
47,47,117963,671083,49970931,76238906,0,0,117871518905,9661321704,118764884134,144.9,16.74,216.2
48,48,62676,708048,49950083,78932886,26208,13418496,111428955679,9006003478,111256157503,144.91,16.76,216.4
49,49,134235,1304379,53256791,81712105,2240,1146880,121961648265,10085391219,122800013327,145.29,16.77,216.5
50,50,164206,1897346,32918898,52840803,2736,1400832,75404685517,7653422606,75863726927,146.02,16.79,216.6
51,51,268550,2754381,51898572,82487834,0,0,115785768226,11170827608,115431807440,145.92,16.76,216.7
52,52,232938,2898557,46991175,74643244,0,0,108817853229,10530526651,108852854057,146.03,16.74,216.8
53,53,248730,2691412,50903264,80893788,0,0,114132744084,11304791766,114263515468,145.93,16.82,216.9
54,54,158575,1828674,34554390,55555554,2128,1089536,77341830079,7695544197,77271667885,145.85,16.73,217.0
55,55,263440,2701930,49099406,78004951,832,425984,115548966173,10900242929,114561259343,145.87,16.81,216.9
56,56,246481,2940419,52914948,84528716,0,0,117002618422,11419339974,115964838007,145.92,16.79,173.6
57,57,248968,2639297,44853502,71429821,0,0,104480849114,10427382386,104375349312,144.74,16.72,173.2
58,58,193872,6819324,8489405,29998472,0,0,19218882839,7625580618,18601071533,107.38,14.65,157.7
59,59,64764,8762243,21057,8884730,0,0,3267751277,7964996200,3316402969,106.1,14.62,127.9
60,60,195320,5532252,72398,4290167,3744,1916928,2037596504,4695065681,2087855034,93.07,14.22,199.4
61,61,25256,188565,22761,17224,14672,7512064,287898962,715782119,295888667,65.99,13.58,217.2
62,62,241755,1011660,36077339,56357775,0,0,75865823212,6845742008,77509115080,136.11,16.75,217.1
63,63,201521,841482,34827311,54058705,0,0,76983795570,7125602270,78794764023,145.15,16.82,217.0
64,64,215523,609960,46513150,71719269,0,0,109267765237,9034571886,108210359693,144.81,16.77,216.9
65,65,219778,674391,48861324,75938663,3072,1572864,110221306384,9176040434,109042849771,144.79,16.74,216.8
66,66,199872,525814,45477250,71180704,14176,7258112,103793461410,8134484062,107025269473,144.88,16.77,216.8
67,67,276812,725113,52764193,80710595,0,0,118958779596,9323064924,117790787599,144.98,16.74,216.8
68,68,281801,790486,51824315,80243493,32200,16486400,119857288271,10197695343,120478953680,144.88,16.77,216.8
69,69,127900,401680,30339893,47249407,0,0,72926909628,5674596268,71354044747,144.99,16.72,216.7
70,70,184862,919638,60198317,94180540,4384,2244608,135986391271,10695102867,135127273818,144.91,16.71,216.7
71,71,146239,456137,35285785,53910702,0,0,77201002592,6190457255,79776058346,144.86,16.74,216.8
72,72,243661,719192,50942543,79187461,0,0,119233812611,9562986788,117989439525,144.84,16.76,217.0
73,73,160041,886059,47788237,73985637,0,0,108113712428,9289521004,108987634248,145.14,16.77,217.0
74,74,75232,690943,51715431,79728643,0,0,119261059976,9800186770,116896613377,144.87,16.73,217.0
75,75,167926,544808,41934496,64611299,2344,1200128,98337185210,7864173285,98537836682,144.71,16.76,185.1
76,76,207042,604317,48486184,75599137,1848,946176,106468171709,8633264798,107139116512,144.68,16.75,151.6
77,77,129194,383697,29589967,43578323,0,0,56209679899,6098619091,55222546323,111.14,15.1,128.8
78,78,38826,355468,994,18634,0,0,427829732,1000079135,435293785,83.93,13.94,128.3
79,79,15522,72851,234,5634,168,86016,56030640,80464811,40702947,69.03,13.85,127.7
80,80,50500,252151,1218,12025,2176,1114112,112039685,177134121,103261911,62.82,13.63,127.2
81,81,18972,150425,4065,8746,2184,1118208,87605893,250033214,100918664,62.56,13.62,126.9
82,82,8087,65562,357,5722,0,0,42733562,61542745,45030304,62.45,13.5,133.4
83,83,28287,204027,1508,10390,23296,11927552,94683847,192330252,116984967,63.79,13.68,133.6
84,84,26625,231259,810,6089,0,0,80798235,166196648,103189647,77.16,13.98,123.3
85,85,112194,618373,20029,49952,1168,598016,719280982,1649547298,727928423,68.89,13.61,123.4
86,86,29247,202673,953,15247,1960,1003520,42080881,67322467,51339686,61.87,13.59,166.2
87,87,18231,107353,4971,17290,0,0,71327500,169250753,65673809,63.49,13.69,241.1
88,88,12168,166784,5479,21889,0,0,17624056689,6137114677,18195446178,120.92,14.01,241.1
89,89,11147,186199,22184,48744,56,28672,101876212165,33670442345,101926415378,167.97,14.42,241.1
90,90,88719,525884,17660,55530,3952,2023424,100964083203,33738612372,100958697817,167.7,14.26,241.1
91,91,20672,232423,20327,67246,0,0,125868770208,41604755707,125862235593,167.68,14.22,241.1
92,92,15569,161089,14120,85702,17752,9089024,98950623174,32618051388,98969035609,167.67,14.27,241.1
93,93,18973,173342,13749,45564,0,0,101815230886,33655102892,101825159779,167.93,14.28,241.1
94,94,21121,269251,16568,62047,19792,10133504,124194447648,40998508983,124164575521,167.84,14.22,241.1
95,95,30936,310304,15821,51771,832,425984,101919866788,34207167374,101912060929,168.03,14.18,241.2
96,96,24530,258351,13165,43090,3864,1978368,98728545828,32861123381,98694418781,168.04,14.22,241.2
97,97,185638,329907,17126,67612,12880,6594560,128556195404,42722121859,128595320493,168.0,14.23,241.2
98,98,46573,273080,16097,65394,0,0,101593649677,33842401649,101658444111,168.05,14.26,241.3
99,99,12091,161732,13491,42375,0,0,101585237483,33465186170,101576734296,168.01,14.24,241.2
100,100,37182,333328,17674,98774,1560,798720,124745148964,41598832779,124681915621,168.19,14.19,241.3
101,101,10219,204190,14323,44172,0,0,100547819514,33505412738,100520695582,168.03,14.19,241.3
102,102,9392,190239,14412,45213,0,0,101564003033,33514506636,101579740965,168.3,14.22,241.3
103,103,27129,242696,16190,50782,0,0,100524269239,33170333298,100518992345,168.17,14.2,241.4
104,104,15635,217196,17939,63993,17696,9060352,125878644924,41586224728,125905347663,168.31,14.2,241.4
105,105,21941,236132,28922,38685,496,253952,101381415439,33461503844,101379274728,168.26,14.16,241.4
106,106,12248,315205,19503,57429,4200,2150400,123727608362,40837075768,123750566697,168.3,14.21,241.5
107,107,9334,212227,14602,38950,0,0,101345770039,33512136918,101342299209,168.2,14.19,241.5
108,108,13336,211772,15160,60514,0,0,100142435494,33010247768,100124676090,168.38,14.2,241.5
109,109,23358,321478,29233,46237,0,0,101695691801,33632795581,101732795533,168.37,14.19,241.7
110,110,12325,312174,17949,48098,1504,770048,128831365225,42555380740,128803255067,168.26,14.2,241.8
111,111,19758,276581,16310,42135,2240,1146880,101796060047,33580830843,101800035024,168.46,14.2,241.9
112,112,23760,313661,14964,44567,0,0,101837986276,33583931485,101889050760,168.36,14.25,242.0
113,113,28789,365008,19195,51793,784,401408,125467288578,41480302575,125423067433,168.54,14.24,242.0
114,114,15418,243505,22450,91636,18368,9404416,101981298237,33679522361,101975307994,168.41,14.23,242.1
115,115,17801,163436,21017,43333,0,0,98823887287,32622972110,98767901555,168.42,14.23,242.2
116,116,16762,205423,22575,74279,0,0,126252849205,41918960812,126267293600,168.52,14.16,242.3
117,117,14023,162859,13911,41025,4424,2265088,98240689178,32557950606,98192015659,168.6,14.27,242.3
118,118,18422,219049,16804,62371,9296,4759552,100606665938,33876084889,100667326038,168.48,14.2,242.3
119,119,19391,187303,27204,71571,11080,5672960,103260085560,34250031204,103290235232,168.58,14.23,242.4
120,120,13829,192359,19371,55496,504,258048,126499310404,41727139320,126469663540,168.58,14.23,242.4
121,121,14236,134340,15933,43855,0,0,100982159456,33310630247,100992227607,168.56,14.22,242.4
122,122,38570,221566,24356,44652,18712,9580544,98932664175,32752988414,98929138142,168.51,14.25,242.5
123,123,39610,239889,21696,60769,0,0,123367894697,40833270125,123260418806,168.67,14.22,242.5
124,124,23450,203200,16447,74311,9848,5042176,103440924651,34480482466,103423455767,168.64,14.18,242.6
125,125,18457,170374,14612,46737,0,0,104648976877,34772107221,104642330493,168.6,14.22,242.7
126,126,30125,335789,19076,64316,0,0,126795718348,41935585890,126839461836,168.44,14.26,242.8
127,127,45059,317120,14919,49476,17568,8994816,101050681878,33353280978,101008527998,168.65,14.22,242.9
128,128,52261,320416,27031,58534,0,0,100799887796,33616112344,100805516847,168.7,14.21,243.0
129,129,19540,230970,21061,59456,608,311296,101687668688,34067698500,101698484815,168.53,14.21,243.0
130,130,36344,345455,26309,73175,504,258048,130010178934,42971329952,129990592983,168.52,14.2,243.1
131,131,32564,325626,21317,59256,0,0,100165390618,33037879682,100160941951,168.59,14.16,243.1
132,132,11658,179505,20806,65473,0,0,103086981091,34020185512,103120844661,168.62,14.18,243.2
133,133,30224,230056,22271,78712,2072,1060864,127409207937,42133941183,127362152708,168.77,14.21,243.2
134,134,11936,150228,13815,51786,1000,512000,101441844927,33458344551,101444387857,168.56,14.22,243.2
135,135,15485,163270,14267,41375,17304,8859648,102442446128,33867293092,102430308782,168.77,14.17,243.3
136,136,26609,314874,14560,41327,0,0,103112400219,34254285134,103233700313,168.71,14.24,243.3
137,137,15227,241652,17496,53169,0,0,124130734512,41086222158,124251979738,168.74,14.26,243.4
138,138,16334,186594,14252,40820,2072,1060864,101633089290,33584261105,101634399103,168.8,14.2,243.4
139,139,12515,150365,12898,38403,1000,512000,98345330466,32469109004,98312967090,168.76,14.2,243.4
140,140,14235,209969,19455,57435,8120,4157440,128353240479,42350938002,128379527826,168.87,14.23,243.5
141,141,25348,202997,24034,40056,560,286720,103249365991,34026936660,103260337887,168.77,14.21,243.6
142,142,17225,262688,14551,42691,0,0,99863080807,32989071134,99894951211,168.9,14.23,243.7
143,143,32485,332540,17823,48051,2072,1060864,125234702044,41380113359,125251520957,168.76,14.24,243.8
144,144,28617,259515,15338,48486,2624,1343488,99886918472,33197583794,99925646416,168.87,14.2,243.9
145,145,32626,381352,25590,46140,0,0,102790553163,34528750191,102819540257,168.93,14.17,244.0
146,146,10779,241018,14790,70552,0,0,101686763631,33552082378,101694473411,168.74,14.19,244.0
147,147,18209,352215,22051,60878,0,0,127332668030,42001034545,127344775396,168.87,14.22,244.0
148,148,15104,223440,15325,58243,2016,1032192,101313465407,33437785502,101329212211,168.81,14.25,244.1
149,149,15955,179810,14221,47111,552,282624,99216340803,32728819273,99220727134,168.85,14.18,244.1
150,150,11042,206932,25815,53262,20736,10616832,125557451741,41497980702,125541543285,168.63,14.18,244.1
151,151,10377,258239,13698,43421,0,0,102012838534,33666604181,102019778119,168.86,14.17,244.2
152,152,12656,245737,14809,110326,0,0,104653365998,34750698571,104492552554,168.8,14.26,244.2
153,153,23158,231727,18389,43412,17608,9015296,100897772065,33289370582,100888436325,168.72,14.16,244.2
154,154,16820,417994,20768,60130,0,0,127215959161,42010864277,127245284837,168.87,14.19,244.2
155,155,13894,188207,32995,55004,9624,4927488,101193768222,33431733710,101209999096,168.83,14.15,244.2
156,156,8030,157173,20557,45402,0,0,101466613504,33495392100,101434547732,168.8,14.19,244.3
157,157,11503,231815,26305,64589,0,0,125987126513,41927830965,126123665511,168.9,14.2,244.2
158,158,10175,228717,30339,71473,18920,9687040,102172891418,33700254815,102128832584,168.82,14.14,244.2
159,159,11506,229416,15264,52232,0,0,104105086284,34353165127,104105668522,168.77,14.13,244.2
160,160,7828,154185,19229,69733,1392,712704,103061288772,34059948947,103116179363,168.69,14.1,244.2
161,161,5001,150109,18599,58550,0,0,125880197317,41517854451,125874375681,168.96,14.11,244.2
162,162,5772,136081,15117,51209,0,0,101597500427,33603033204,101624410533,168.91,14.18,244.2
163,163,17736,190017,15657,44036,1848,946176,100741699607,33215585829,100739848139,168.72,14.06,244.2
164,164,12240,226173,22074,60916,0,0,125917840106,41639529677,125915227809,168.84,14.12,244.2
165,165,14413,202111,15342,51625,16864,8634368,100250954647,33068188057,100233804116,168.86,14.12,244.2
166,166,14285,318511,17925,64006,776,397312,103942552042,34327064744,103989862777,168.7,14.02,244.2
167,167,14380,227521,15986,57078,0,0,103319662701,34052781714,103293169173,168.79,14.18,244.3
168,168,22426,386712,19024,72007,0,0,127079145543,41909952313,127029039888,168.76,14.14,244.3
169,169,13846,180291,19354,53903,0,0,103191034926,34212889991,103209554579,168.7,14.08,244.2
170,170,4423,123792,24270,46903,7840,4014080,101105337513,33393254599,101089615970,168.87,14.08,244.2
171,171,4088,144601,15273,47242,1168,598016,101455067079,33495230329,101414105402,168.66,14.04,244.2
172,172,18786,225396,18275,54088,0,0,123582240563,40743972165,123633246221,168.85,14.17,244.3
173,173,8170,190906,17443,85825,0,0,101453759046,33662236739,101454178850,168.82,14.13,244.3
174,174,49469,185341,17462,60577,0,0,124178588581,40984054044,124124421102,168.66,14.08,244.3
175,175,6715,182029,15360,54538,1512,774144,100402265062,33361341807,100417614482,168.71,14.1,244.2
176,176,8312,172024,13907,49756,8224,4210688,99620101437,33159819233,99625247867,168.75,14.11,207.3
177,177,8618,169855,21083,63539,0,0,101652814519,33528599263,101593949407,168.83,14.18,126.0
178,178,60157,387889,19768,57540,0,0,105720721798,34971749198,105635067315,81.74,13.74,125.9
179,179,28380,178230,2108,4826,0,0,35769581,81034308,62888208,62.75,13.56,126.1
180,180,17422,183060,870,9693,280,143360,113652364,229332059,101507625,62.71,13.68,163.4
181,181,290748,987314,4981,17883,9008,4612096,107452608,171705881,163052790,63.89,13.74,244.5
182,182,41132,173633,2198,26281,0,0,1082981433,2839914567,8410648699,152.99,14.51,244.5
183,183,46295,737745,26114,82984,0,0,100146802782,34114257539,100040434303,168.75,14.41,244.6
184,184,155453,1374858,682777,1602379,15312,7839744,125650089514,43057724797,125760402270,169.29,14.57,244.6
185,185,322123,3300745,973809,3268552,0,0,100870170688,35366063589,100789540334,169.32,14.56,244.7
186,186,293478,2601950,521733,3045817,137656,70479872,100909594237,34819380855,100935248607,169.13,14.53,244.7
187,187,220485,2922474,598641,2854001,0,0,126475025643,43471555513,126632187738,169.19,14.6,244.7
188,188,214435,2026329,635988,2412924,0,0,101193830703,35168209978,101256630082,169.0,14.48,244.8
189,189,139987,2217134,323954,2568949,14944,7651328,100748820514,34716238199,100740090447,169.22,14.52,244.8
190,190,221330,2624266,182891,2939295,280,143360,101957284548,35238688841,101975319465,169.07,14.52,244.8
191,191,305683,3576858,528179,2803560,1784,913408,126774326612,44337851313,127048314424,168.79,14.48,244.8
192,192,148772,2253438,318481,2407643,0,0,101219593094,35331521930,101298383659,169.15,14.56,244.8
193,193,187094,2888848,755361,2826238,0,0,103193657853,36143767756,103108200429,168.96,14.51,244.8
194,194,189579,2678999,233889,1683721,11984,6135808,105337566005,36712159835,105511554364,168.99,14.54,244.9
195,195,221318,3051642,442244,2851243,0,0,103058251015,35701548322,103128571685,169.01,14.55,244.8
196,196,440688,3383547,1216208,2677029,832,425984,125689929150,43882793259,125622592178,169.15,14.5,244.8
197,197,209738,2491018,539897,2152634,0,0,99523000663,34766722594,99597204895,168.82,14.43,244.7
198,198,147417,1030198,26491,697890,0,0,101550072950,33919279926,101529928998,168.7,14.26,244.7
199,199,11434,173687,12963,43854,0,0,99549137253,33038824788,99549582583,168.43,14.25,244.6
200,200,21523,211485,28554,75149,336,172032,127603314164,42134587666,127598725351,168.59,14.28,244.5
201,201,16511,236698,15677,48877,29296,14999552,101422313842,33437282711,101540312164,168.47,14.21,244.5
202,202,13782,220898,14594,50254,0,0,101990780472,33693783956,101949343476,168.55,14.29,244.4
203,203,40108,366232,17394,57673,0,0,126797570923,41844600072,126809422632,168.58,14.26,244.4
204,204,20270,262430,14279,56212,0,0,106025057199,34928426674,106011400600,168.56,14.25,244.3
205,205,15223,215833,24928,97541,0,0,101155402269,33357500997,101162674308,168.49,14.24,244.3
206,206,11758,239966,14493,62065,10464,5357568,104003105218,34614040918,104095773217,168.5,14.22,244.3
207,207,12103,234479,16844,57860,0,0,125786850537,41537469761,125729179989,168.72,14.28,244.3
208,208,30888,329552,14321,60051,0,0,100867475567,33353471598,100898967629,168.52,14.22,244.2
209,209,17926,265469,14296,46881,0,0,102952676379,34007416192,102899614781,168.58,14.28,244.2
210,210,16058,363761,17259,143559,3184,1630208,104571314331,34519227529,104756823987,168.67,14.25,244.2
211,211,12615,275606,14130,91156,8896,4554752,104067373888,34389847364,104153025202,168.65,14.23,244.2
212,212,9951,287025,18368,84836,0,0,132199742041,44248473077,132194373654,168.62,14.29,244.2
213,213,10216,238147,18446,61177,0,0,104742113773,34615454105,104762969052,168.72,14.26,244.2
214,214,6922,206802,14140,44111,15160,7761920,101757352003,33587475254,101737865230,168.55,14.21,244.2
215,215,19791,276356,17601,66826,784,401408,106054554450,35327029551,106020897032,168.72,14.29,244.2
216,216,15315,295474,14410,56271,48,24576,103297262221,34160409331,103344218598,168.51,14.2,244.2
217,217,11867,286305,13833,54688,0,0,106728408873,35303294475,106693472131,168.83,14.39,244.3
218,218,44297,472059,24953,80682,0,0,129428572138,42789315117,129426824081,169.21,14.48,244.5
219,219,179759,2875178,138784,2458033,224,114688,103167856161,35980497898,103410063632,169.28,14.46,244.6
220,220,243189,2800546,898899,1394151,15664,8019968,101495168238,35289815241,101430880920,169.31,14.57,244.6
221,221,175922,2041286,738644,2683764,1672,856064,102786344443,35631216726,103027961961,169.39,14.56,244.7
222,222,260334,2599847,526880,2806943,144208,73834496,100977537728,35249073004,101036818928,169.21,14.51,244.7
223,223,146862,2717785,519702,2157737,0,0,125943527047,43480176624,125847758738,169.09,14.42,244.7
224,224,34642,2844604,36395,3518925,0,0,101467796694,35261564745,101415911565,169.22,14.41,244.8
225,225,79565,2611890,24886,1901185,8848,4530176,102559120521,35710908131,102579000640,169.32,14.48,244.8
226,226,249417,3481479,112167,2283056,1000,512000,123162823535,42764175936,123221597020,169.38,14.55,244.9
227,227,251205,2921034,781409,2640174,0,0,99733696438,34561802765,99829897339,169.26,14.51,245.0
228,228,148893,2754406,117298,3089806,0,0,99184350614,34635533052,99175360040,169.37,14.46,245.0
229,229,68907,3206584,39922,3046792,0,0,124963995711,43227690129,125080458317,169.2,14.41,245.0
230,230,52610,2795664,54036,2838936,336,172032,102657749797,35824221143,102702392792,169.43,14.49,245.0
231,231,28767,2395981,56838,2232282,1112,569344,99857292741,34944674959,99851121582,169.39,14.5,244.9
232,232,34360,2560261,39235,1762713,0,0,99002117639,34209556025,99036117286,168.69,14.29,244.8
233,233,11267,240688,19168,60311,0,0,126576019445,41831168403,126560317120,168.77,14.28,244.7
234,234,24824,241915,15815,43216,0,0,100904608244,33340226864,100921836840,168.86,14.29,244.7
235,235,15381,258386,13380,52176,0,0,99494770464,32964080346,99520072924,168.76,14.21,244.7
236,236,7427,234673,16447,58833,664,339968,126937629115,42007874137,126904017851,168.77,14.27,244.7
237,237,7644,203445,14331,45992,28568,14626816,98962269554,32659978344,98913090945,169.48,14.55,244.8
238,238,188944,1996700,102102,1308953,224,114688,100539557909,35009696915,100584225818,169.05,14.49,244.8
239,239,89463,3006528,136609,3342427,0,0,128406385064,44380499718,128380338780,169.29,14.49,244.9
240,240,81316,2685992,48647,3735127,336,172032,105450142954,36757323436,105333678171,169.16,14.51,244.9
241,241,224641,2668729,89689,2948639,3464,1773568,97984752942,34096183996,98090452234,169.43,14.55,245.0
242,242,353887,3206284,1027954,2204227,0,0,105310754748,36844230087,105284267775,169.35,14.51,245.0
243,243,163992,2463603,224062,2478558,0,0,105437117726,36904593777,105411916839,169.39,14.52,245.0
244,244,90342,3023330,95103,2638383,0,0,125173838227,43397897568,125091715312,169.1,14.47,245.1
245,245,138641,2067289,477940,2637060,17472,8945664,98279497077,33701612973,98298585060,169.56,14.55,245.1
246,246,156497,2678205,88252,2198753,832,425984,99875766008,34839401050,99801671637,169.39,14.48,245.1
247,247,244413,2977238,144365,2010569,144696,74084352,102122455055,35558290101,101930565194,169.35,14.43,245.1
248,248,37828,2891338,45868,2635103,0,0,127702109587,44358284978,127934006474,169.46,14.55,245.1
249,249,71191,2816754,41473,2495284,0,0,100259196043,35185735996,100308018465,169.4,14.48,245.2
250,250,33629,2613264,54485,2364249,15824,8101888,99707746357,34451930998,99834666996,169.42,14.49,245.0
251,251,37990,2734341,84309,2904191,1336,684032,124741831604,43220718259,124616471301,169.04,14.34,245.0
252,252,53153,940845,39840,734056,0,0,97958211197,32763397030,97982761857,168.79,14.32,244.9
253,253,12041,201216,17205,67676,0,0,102231557544,33874232480,102225527894,168.71,14.28,244.8
254,254,17657,466177,16045,74339,0,0,124746012713,41691698402,124811438140,168.71,14.23,244.7
255,255,7005,132747,12533,41351,0,0,97810768729,32278881105,97754067760,168.72,14.23,244.7
256,256,30685,337797,14590,47486,10184,5214208,101006523452,33544399892,101073911102,168.8,14.38,244.8
257,257,575531,1266155,108016,790432,0,0,126901111929,42131255109,126765823023,169.44,14.61,244.9
258,258,289054,3196585,567648,2918196,224,114688,100504525158,34681572835,100313936929,169.43,14.57,245.0
259,259,348489,2843639,518198,2849633,0,0,99605391698,34654767118,99589821776,169.29,14.57,245.0
260,260,372415,3679990,474442,2464990,392,200704,125572260707,43466853624,125705623620,169.31,14.55,245.1
261,261,179531,2356002,308985,2977702,1504,770048,99945365495,34591782959,99873950230,169.43,14.56,245.1
262,262,247434,2592500,92514,1824129,0,0,101638106678,35284511348,101599275297,169.23,14.51,245.1
263,263,112345,2138936,358068,3303283,152760,78213120,101423184517,35403139101,101491120296,169.42,14.47,245.2
264,264,68456,2713339,117441,3411056,0,0,124921305828,43352723749,124731070057,169.48,14.47,245.3
265,265,47001,2583990,42976,1130531,0,0,101657044617,35361336341,101635628027,169.43,14.49,245.3
266,266,47699,2296191,175814,2787685,888,454656,99635374449,34652080859,99576236633,169.5,14.51,245.4
267,267,41712,3383685,119883,3465748,0,0,123862932709,42758373531,124053664015,169.53,14.53,245.5
268,268,18910,2487259,51751,2796543,0,0,102089839344,35142704204,102044080540,169.69,14.5,245.5
269,269,22719,3173735,89143,3394659,0,0,100706695713,35215493764,100777359577,169.3,14.52,245.4
270,270,32163,3381765,83233,2676232,392,200704,122336895933,42457559244,122243089968,169.02,14.45,211.8
271,271,27409,889631,261894,1220182,3632,1859584,102246630728,34453523032,102256817950,152.04,14.11,127.9
272,272,35268,173049,12051,43364,0,0,86955163276,28789196879,87254880137,65.08,13.79,127.8
273,273,10487,93739,284,7778,0,0,48499900,100552148,63019521,64.18,13.74,128.2
274,274,27689,226056,16215,4144,0,0,252444226,611513846,268383706,66.51,13.86,184.0
275,275,255147,552961,4591,7524,0,0,141885441,325440147,146284508,103.63,14.36,245.5
276,276,352216,3749561,943175,3663169,16512,8454144,17044515185,9042214734,17421274668,168.89,14.67,245.4
277,277,739254,3754664,272838,3119406,224,114688,99619309275,34875261329,99582073064,168.92,14.47,245.4
278,278,46310,2775566,56449,1801536,156752,80257024,101969201558,35171230782,101968916084,169.01,14.51,245.3
279,279,71471,3258135,51661,3250814,0,0,125619771788,43782280922,125728473302,169.13,14.48,245.3
280,280,29746,2480428,26965,1829936,392,200704,99447710092,34963761104,99520372907,168.83,14.45,245.4
281,281,28387,2146104,36120,2855352,16664,8531968,99849685137,34495855101,99785818068,169.26,14.51,245.3
282,282,42073,3093240,78900,3063498,0,0,127127547376,45063463307,127095818179,168.98,14.48,245.3
283,283,32265,2316420,58388,1955102,0,0,100402153663,34447450207,100418676936,168.9,14.46,245.3
284,284,98840,2272071,37150,1373662,0,0,98388764726,34022492080,98428801562,169.13,14.53,245.3
285,285,136668,2901399,42658,2996087,0,0,124716824332,43389824769,124808474312,168.97,14.45,245.3
286,286,20264,2527755,41057,2113324,832,425984,99109254827,34150804224,99085410421,168.88,14.47,245.3
287,287,13112,1880793,23283,1748796,12656,6479872,97700773795,33646501659,97912695000,169.04,14.5,245.3
288,288,57101,3162256,32776,3694960,0,0,127672486423,44166075048,127695568782,169.1,14.6,245.3
289,289,166116,3023228,131354,1996165,0,0,100792421512,35200647962,100700898476,168.92,14.43,245.2
290,290,71431,1595772,28870,813573,392,200704,101627597359,34709853270,101605420932,168.52,14.28,245.1
291,291,12776,182695,15285,59529,1280,655360,101241216260,33548101852,101174904013,168.55,14.3,245.0
292,292,25024,374696,24008,64143,0,0,124970139403,41255701770,125035824014,168.48,14.32,245.0
293,293,23266,231389,17381,57203,30632,15683584,99919969653,33035396503,99895036261,168.54,14.27,244.9
294,294,11350,193791,16433,71631,0,0,99195784060,32744286964,99217448665,168.56,14.26,244.8
295,295,7823,209926,18958,60477,0,0,122658210440,40472893886,122610422140,168.51,14.26,244.8
296,296,7726,179231,15590,47675,888,454656,100639033521,33211145570,100704144743,168.55,14.27,244.8
297,297,7990,188903,19005,69085,0,0,126142386353,41772580223,126134381237,168.39,14.27,244.7
298,298,18605,279888,15722,71123,0,0,101996049443,33667745047,102022330371,168.6,14.34,244.7
299,299,34180,176422,16470,60760,0,0,101912631849,33640160484,101946724630,168.54,14.25,244.6
300,300,5632,142203,12501,56660,392,200704,101206154217,33465018241,101180266421,168.41,14.28,244.6
301,301,8506,204119,16356,66919,888,454656,125324441345,41394748535,125345116604,168.51,14.24,244.6
302,302,6461,143308,14035,53021,0,0,104806918595,34569532016,104789818295,168.55,14.43,244.7
303,303,14279,221069,15184,65684,0,0,98819847907,32682070822,98854507147,169.03,14.51,244.8
304,304,155664,2085965,87695,1936712,18032,9232384,101680609904,34641961215,101707813365,169.07,14.49,244.9
305,305,826571,4476628,244923,3134748,0,0,124317454094,42852144848,124314678894,168.96,14.51,245.0
306,306,215394,2264121,94822,3165115,1224,626688,101291828329,35327193612,101374739578,169.04,14.46,245.1
307,307,38421,2480108,49571,1753622,14728,7540736,100417372176,34802369627,100334030739,169.26,14.59,245.2
308,308,171570,2577517,109935,2707198,0,0,128908482773,44637727904,128818842381,169.33,14.62,245.2
309,309,223458,2511424,405800,1741680,135480,69365760,97958553706,34294672884,98168643017,169.19,14.59,245.3
310,310,147719,2644770,410296,2668413,392,200704,100610000434,35376649623,100497795711,169.29,14.53,245.4
311,311,270969,2883832,659153,4853112,3688,1888256,125744040400,43471285965,125769099786,169.46,14.56,245.4
312,312,247058,2928589,373314,2409120,13872,7102464,100603027771,34939951431,100705241029,169.26,14.53,245.4
313,313,153628,2548557,229228,2007208,0,0,102161774231,36184462510,102157244249,169.34,14.48,245.5
314,314,15536,2479547,41834,2401205,0,0,100495595046,34715070829,100551963266,169.18,14.55,245.5
315,315,88699,3608276,277152,3181850,0,0,124748033528,43400351774,124852307809,169.56,14.56,245.5
316,316,139135,2810457,554863,3060078,832,425984,100448443334,34915724799,100552669772,169.36,14.55,245.4
317,317,185711,3269399,108330,1482223,0,0,102838968033,35956140597,102742510479,168.87,14.42,245.4
318,318,44348,1917382,25391,1674921,9464,4845568,123246243614,41691440399,123223643390,168.7,14.31,245.3
319,319,83272,369304,18373,54946,0,0,101963692219,33760307121,101985776721,168.8,14.3,245.2
320,320,14649,224117,23063,78325,392,200704,100074532473,33057810800,100101848168,168.66,14.23,245.1
321,321,19296,299917,18008,63588,1280,655360,125424509216,41466009675,125443581513,168.65,14.26,245.2
322,322,5967,198547,15131,48861,0,0,101187951184,33417777735,101185083939,168.97,14.48,245.2
323,323,89659,743626,183566,339044,0,0,99202888275,32917094025,99320398289,169.35,14.6,245.3
324,324,401159,2935031,749519,3615410,84824,43429888,123882120769,42448966999,124084308585,169.15,14.53,245.3
325,325,156564,2381942,587753,3339133,0,0,103034274999,36167979217,103000435546,169.36,14.56,245.3
326,326,90323,2394291,134705,1984139,1224,626688,102720769666,36036454653,102766892603,169.2,14.52,245.4
327,327,86119,2213253,134679,2555939,0,0,100347644655,34533968093,100371376888,169.18,14.61,245.4
328,328,227026,2827460,413300,3167624,0,0,124344186307,43148489188,124269112879,169.44,14.64,245.5
329,329,315720,2925686,397710,2282549,0,0,100484396460,35019766348,100762207828,169.31,14.54,245.5
330,330,338599,3242119,328416,2806964,448,229376,101904731577,35419448803,101891061141,169.36,14.58,245.5
331,331,76633,2240797,115928,2743938,3024,1548288,101607601098,34976292144,101746439926,169.38,14.63,245.6
332,332,217717,3577715,939416,3082566,0,0,125436039235,43652501284,125255954640,169.45,14.61,245.6
333,333,191635,2442058,361249,2719030,0,0,102847597121,36153828852,102865253479,169.37,14.6,245.6
334,334,253314,2081857,626982,2369129,145664,74579968,99838423316,34782002199,99840873909,169.33,14.5,245.6
335,335,114714,2614201,83510,2034487,0,0,101591674040,35510045555,101590451184,169.32,14.49,245.6
336,336,38080,3280184,65236,2900288,944,483328,124036409401,43090146978,124003743539,169.12,14.46,245.5
337,337,244794,2230886,240932,1929720,15088,7725056,100299281457,34585783141,100509546673,168.68,14.34,245.4
338,338,11405,176314,13688,50792,0,0,102629806928,33939329507,102638267057,168.68,14.3,245.3
339,339,23229,198717,20201,60426,0,0,125960479593,41704286493,125968623350,168.76,14.28,245.2
340,340,15138,190873,13415,78828,448,229376,100741371678,33328832881,100708253737,168.82,14.27,245.2
341,341,13879,189436,13227,44584,1280,655360,102089541260,33694193783,102101103262,168.87,14.43,245.3
342,342,61801,478994,14963,70004,14512,7430144,105741878513,34983752332,105799487916,169.47,14.66,245.4
343,343,322583,2097639,352558,1023156,224,114688,104262971218,35714843533,104337149099,169.51,14.73,245.4
344,344,750515,3838215,856692,2536552,0,0,125779452570,44040707612,125532240912,169.4,14.64,245.5
345,345,211822,1803893,608694,2985056,0,0,100217500530,34927359543,100291935590,169.63,14.71,245.6
346,346,340612,3067543,730060,3125891,1168,598016,97882675581,34401500841,97840374311,169.37,14.59,245.6
347,347,345983,3521839,576293,3602049,1680,860160,125278131937,43507260608,125303349479,169.4,14.53,245.6
348,348,97757,2522431,218107,2424828,11328,5799936,101655390064,35246903445,101716771684,169.58,14.54,245.7
349,349,113659,1960575,27334,2111772,0,0,99644153517,34581221024,99504844752,169.39,14.45,245.6
350,350,248992,2881107,151039,2851753,157680,80732160,123321360047,42790567612,123926589677,169.57,14.47,245.7
351,351,144248,2521660,40482,2556810,1392,712704,97496189062,33778883096,97505280350,169.71,14.6,245.7
352,352,122383,3222354,453968,3190685,0,0,98977068407,34946364109,99111098641,169.55,14.59,245.7
353,353,230176,3026827,412438,2452248,0,0,124894978906,43694477405,124977257128,169.64,14.64,245.7
354,354,256567,3053807,783575,973227,0,0,99022452217,34532807174,98965614789,169.49,14.57,245.7
355,355,204496,2515537,335993,2340175,0,0,100339650940,35055155967,100211097343,168.83,14.33,245.6
356,356,58198,1295720,58622,1170828,664,339968,125018587630,42200702052,125032900353,168.94,14.33,245.5
357,357,14897,231832,12896,39612,0,0,100297734408,33127931640,100288222772,168.8,14.26,245.4
358,358,28442,372595,14076,68787,0,0,99641320739,32883537481,99651619815,168.83,14.31,245.3
359,359,34541,436161,17991,58716,0,0,125950040012,41651177600,125945076347,168.66,14.23,245.2
360,360,11913,225529,14277,50663,448,229376,100479957310,33401964135,100362033830,168.79,14.33,245.3
361,361,12734,224189,16711,53590,1112,569344,99987197172,33006969752,99996998771,169.35,14.61,245.4
362,362,125158,1436685,85177,718842,0,0,124252883317,41966576725,124241866872,169.38,14.62,245.5
363,363,177224,2159709,604364,2517917,224,114688,100500531557,35035064995,100813965338,169.54,14.65,245.5
364,364,330301,2347541,755008,2934060,0,0,101571595440,35569453768,101697146959,169.36,14.58,227.2
365,365,354940,3135262,830916,2784317,155544,79638528,125716223655,43870004235,125740259449,141.49,14.92,182.6
366,366,396237,3500444,832251,4221416,1168,598016,80131738627,28500459783,80443767858,113.65,15.04,182.1
367,367,1341276,9114407,2792054,8818928,0,0,3263156586,7233688436,3320587147,110.97,15.07,176.1
368,368,1038106,6569565,2877631,8167507,15328,7847936,2663471841,5856154485,2791062626,101.1,14.6,129.9
369,369,1112561,7409190,3891218,9659713,0,0,3114770062,6802513728,3075666707,63.03,13.64,129.3
370,370,63224,499422,26105,23735,448,229376,157594022,297441455,181998294,62.42,13.72,129.0
371,371,16261,181998,170,5769,2176,1114112,47520479,111003503,77233980,63.59,13.8,128.7
372,372,66772,352009,20908,34294,0,0,88342542,199506727,111517181,63.04,13.72,128.3
373,373,3724,84762,2788,5907,14416,7380992,112891173,111216092,62706639,62.76,13.66,127.9
374,374,2291,106085,2349,9263,0,0,149058825,350440595,218215179,61.56,13.55,127.5
375,375,10004,135324,1623,6530,0,0,59374500,117700543,46571017,62.42,13.57,127.3
376,376,1082,88053,2238,5709,552,282624,77975745,196347976,64274428,64.53,13.67,127.0
377,377,3037,119501,1887,7521,0,0,226272207,622772270,266258630,61.67,13.64,126.7
378,378,10344,111866,1679,8022,0,0,73692649,142835693,93535511,62.35,13.69,126.3
379,379,13318,83027,2283,2919,11896,6090752,59092253,116886810,78927210,62.18,13.65,126.0
380,380,15728,221141,2031,5595,33992,17403904,118388218,236009446,128298059,61.61,13.56,125.7
381,381,13475,195913,12015,53366,1448,741376,52199631,99473620,64298714,63.33,13.69,125.5
382,382,3201,51402,1565,15989,2464,1261568,37099523,79260967,36811230,62.2,13.64,125.2
383,383,17875,186344,1963,22056,0,0,124523418,268866843,124276714,61.83,13.65,124.9
384,384,8761,110930,2147,8361,0,0,38021442,98341947,43740195,62.17,13.68,124.6
385,385,46604,93763,1935,14194,0,0,70452083,131956737,78745588,61.55,13.57,124.4
386,386,5503,70656,1758,9189,384,196608,130088556,280522969,102629866,62.61,13.58,124.2
387,387,8234,110324,11375,51057,0,0,52078043,64969070,49131420,62.77,13.69,124.0
388,388,5773,115179,5525,24642,0,0,54657940,121316540,54319441,61.52,13.55,123.8
389,389,12963,123142,2029,16256,0,0,155259406,357122391,180282101,62.74,13.56,123.7
390,390,6712,75437,1719,8557,448,229376,46274535,80630578,41622688,62.69,13.65,123.4
391,391,9214,128332,3627,10274,22936,11743232,134378517,331760867,160312195,62.53,13.7,123.3
392,392,24298,345307,3716,18619,0,0,130408284,270798091,95073009,62.05,13.7,123.1
393,393,11676,224761,5959,25077,0,0,32183588,84307395,56791166,62.1,13.66,122.9
394,394,4769,118967,2077,18604,0,0,60473888,92493249,64434012,61.42,13.5,122.7
395,395,7702,129947,1917,11967,0,0,50019970,117426524,61458605,61.89,13.71,122.6
396,396,3662,129420,84,4055,384,196608,101869620,226846610,69389825,63.44,13.66,122.6
397,397,5425,146034,297,10411,0,0,54189682,125484922,69729165,61.84,13.6,122.4
398,398,24959,262104,615,6899,0,0,56522765,75265816,54895487,62.28,13.63,122.2
399,399,13332,124367,3816,9887,14000,7168000,99618176,182977232,97729080,61.99,13.62,122.1
400,400,5202,97761,299,5894,504,258048,60679238,138688164,70897393,61.21,13.57,121.9
401,401,3959,87177,210,6006,20152,10317824,54923653,95142606,58667235,62.98,13.64,121.8
402,402,9176,142446,979,4547,0,0,100304727,171744444,96173244,62.12,13.48,122.0
403,403,17634,169521,282,9907,0,0,63554707,102002886,74414254,62.97,13.51,122.3
404,404,14420,147328,230,5724,13664,6995968,254033198,614942398,256083680,65.44,13.66,122.0
405,405,20003,231270,1734,12236,0,0,297416569,753633531,331281217,62.08,13.65,121.9
406,406,10165,187890,555,4324,552,282624,87390742,166795769,103557422,61.96,13.62,121.8
407,407,4019,123773,524,6279,0,0,40029836,72131440,44657264,61.75,13.6,121.6
408,408,4493,89272,727,8534,0,0,76737938,143461599,57936819,63.37,13.69,121.6
409,409,7044,117829,415,10784,0,0,131962318,304445809,126035393,61.54,13.56,121.5
