,LLC-load-misses,LLC-loads,LLC-store-misses,LLC-stores,blocks,bytes,cycles,instructions,ref-cycles,pkg_pwr,ram_pwr,power
0,31864,390357,1303,12356,0,0,220090034,488497323,238086492,62.86,12.32,138.5
1,48571,522291,8354,18381,11920,6103040,293111515,783560409,383306462,60.62,11.83,114.0
2,12317,295750,3085,2618,0,0,173055793,488378918,232671288,60.31,11.82,113.7
3,42373,646433,13053,41234,0,0,299630382,714147912,369849358,60.6,11.93,114.3
4,42004,556661,1269,29239,392,200704,247320756,569770564,292957956,61.05,12.05,114.5
5,203450,14393412,16303,2705368,0,0,2601953690,3482604539,2697817991,79.24,13.16,114.7
6,2008501,72356789,1311529,10899117,1392,712704,9942839907,13759052971,10018610010,114.86,14.77,114.9
7,3017634,102076226,2164495,10307067,392,200704,11864701673,17295736532,11902664523,123.64,15.23,115.0
8,8820296,156407585,3846533,12922278,560,286720,14834040430,22793763547,14921666729,123.97,15.98,115.4
9,4019280,89527175,2209618,10775501,0,0,11673220883,16839501678,11832530641,122.85,15.42,168.9
10,13537001,222244591,6179168,22773601,2800,1433600,23392707985,34563336425,23445881626,133.67,16.5,186.8
11,9631982,137940427,3789934,10129284,3088,1581056,14665635932,22941242913,14683961417,127.03,16.3,186.6
12,2859178,91156216,1808385,9596517,119480,61173760,11555661679,17932599150,11639021366,119.73,15.12,186.3
13,5995317,53611205,2535824,16473706,1792,917504,7041451034,6631396167,7364231836,116.01,15.25,195.6
14,73979562,583297992,20438121,93365099,4736,2424832,61251336681,44785959941,61798480568,169.78,19.39,202.2
15,32371075,358053605,13913388,46712519,0,0,40510614898,28230430042,40777979631,164.0,18.53,185.7
16,16900151,238040206,11882807,38733737,0,0,29031363354,15996766928,29242555351,154.5,17.24,171.4
17,22928065,280268051,14563511,47968723,12208,6250496,33984535154,17353662515,34536330214,153.73,17.28,225.2
18,20843585,230555477,11902611,39379634,0,0,28134612583,14446917253,28409416174,153.77,17.36,245.0
19,19052974,263885312,13541845,45068531,888,454656,32346451387,16826531618,32662490651,149.51,16.88,229.7
20,17240227,220129442,11570015,37327052,0,0,26883220658,13516350708,27246822389,153.9,17.36,229.1
21,21759273,275606547,14144034,46809205,168,86016,33545960922,16914243615,33902573202,153.27,17.27,228.7
22,18347264,222852409,11815045,38298195,56,28672,26964183445,13782962735,27267885848,153.45,17.31,221.3
23,23096848,281556831,14877388,48163579,0,0,34070052302,17176141899,34439600810,153.77,17.29,221.8
24,19019309,216824787,11065359,36971241,1112,569344,26193892020,13898667336,26610373002,151.42,17.3,222.2
25,25501521,291327861,15011920,48890847,0,0,34470947890,17756739213,34994036784,153.88,17.37,222.6
26,15483142,220911626,11524304,37674129,56,28672,26585554176,13452083638,26872374980,153.6,17.16,223.1
27,25575059,293606667,15040013,49942478,0,0,35036882455,18028162462,35539146792,154.04,17.35,223.1
28,19826602,230183582,11872927,39015633,0,0,27478197501,14183258923,27827769895,151.12,17.25,223.6
29,22999020,256041346,13309320,43558152,832,425984,30886530642,16441408250,31368689333,148.85,17.13,224.0
30,18736320,226961915,11794198,38240637,110912,56786944,26785313301,13554741433,27129032002,153.93,17.33,224.4
31,24292152,278140507,14332396,47247230,0,0,32947399280,16970001245,33369363343,151.8,17.23,224.8
32,18320688,226177066,11802057,38629157,0,0,27128816069,13731084136,27396173639,154.02,17.31,217.3
33,20688316,233576539,11920605,39645410,0,0,27821102911,14562329226,28214939404,148.67,17.2,227.4
34,22615468,255916638,13658169,43875526,1168,598016,31441952405,16937758104,31684718021,153.84,17.34,227.3
35,20251549,230042804,11792832,38898069,0,0,27465400796,14060948277,27821738248,154.33,17.4,227.0
36,24496924,285346170,15017426,48042354,0,0,33720235993,17100365739,34117462516,154.39,17.42,227.1
37,20237693,233130567,11996015,39339640,0,0,27520491120,14070304183,27821284173,154.21,17.39,221.1
38,22802281,255564394,13381830,43099481,0,0,31063304888,16727312919,31456651130,145.67,17.0,228.6
39,19167049,221382529,11503601,37709207,776,397312,26309896271,13666850793,26784122883,154.02,17.39,228.5
40,24898835,290297244,15035873,49070094,5824,2981888,34517305144,17902437647,35041342895,154.66,17.37,228.5
41,19985924,230544708,11559166,39436353,0,0,27501200499,14268349809,27944613642,154.32,17.33,228.4
42,25227978,290028500,14947149,49135637,0,0,34312935649,17634344419,34873534181,154.61,17.4,218.3
43,17906294,194020792,10004305,32878723,0,0,23646729231,12702224228,23880772198,138.03,16.65,228.6
44,21622557,239342063,12282336,40549456,1728,884736,28486441816,15248928811,28958486805,150.92,17.14,228.6
45,19604573,221918644,11429612,37942261,1344,688128,26442259039,13658508298,26663218537,152.32,17.31,228.6
46,24282515,276277095,14100971,47333705,0,0,32952423126,16965301800,33333858457,152.25,17.22,228.3
47,20201266,232589837,11870400,39432586,224,114688,27694597321,14215368302,28030901099,154.39,17.33,206.9
48,23906261,265992711,13707442,44908486,0,0,31924667297,16944896528,32271961613,143.36,16.89,226.3
49,17377926,189504343,9786402,32212783,832,425984,22875467922,12628139258,23188579943,151.86,17.3,226.6
50,25252881,288356849,14934191,49952099,2016,1032192,34728554424,17928000262,35055745936,154.65,17.34,226.5
51,20173132,233745680,12176142,39773027,0,0,27707212946,14104539228,28132183203,154.56,17.34,226.8
52,24387125,278854922,14314179,47498790,1176,602112,33095778880,17163142787,33513836264,150.98,17.12,212.3
53,21396207,235427709,11992640,39896947,0,0,27925225840,14578267238,28279418735,149.7,17.25,228.8
54,21377229,220958614,11321815,37416119,1168,598016,27062013821,15280260785,27498371391,145.85,17.02,228.8
55,20595711,232729451,12075572,39520502,0,0,27743620143,14168852213,28044764863,154.61,17.37,228.8
56,24919355,283671342,14631058,48288152,0,0,33822177850,17361550771,34112466879,152.42,17.28,228.2
57,19775714,223108330,11596290,38218691,0,0,26747498733,13744050719,26985685833,152.61,17.24,212.9
58,20448066,234719773,11989546,39665267,0,0,27587295511,14164363364,28105717813,154.64,17.39,229.9
59,20716974,211987239,10866249,35828492,224,114688,26196143034,15083262728,26417387100,138.87,16.72,229.8
60,20206411,232823759,11935173,39468664,110584,56619008,27618166671,14272774726,27958603698,154.76,17.39,224.4
61,25385678,290036260,15010819,49497530,0,0,34594425123,17782305902,35067502892,150.42,17.2,225.0
62,18771085,213982616,10974571,36612354,0,0,25553078417,13248811596,25874145086,154.76,17.33,210.9
63,24198351,277201541,14288386,46946760,0,0,33034517109,17068911633,33253458707,151.43,17.24,229.4
64,13146094,119845854,6099669,20193633,1560,798720,15354649242,9751960407,15560165196,132.86,16.47,229.4
65,26021770,291466986,15178822,49566010,0,0,34619688678,17860734146,35059204903,154.66,17.4,228.9
66,20415253,233056491,12061531,39509767,0,0,27648254054,14243688726,27963171526,151.36,17.24,228.6
67,24671801,273831376,14320790,46794809,0,0,32972401375,16926190613,33262613598,154.81,17.42,217.0
68,20658152,234108019,12159464,39724350,0,0,27968132872,14408758909,28289921146,154.73,17.37,217.0
69,19280100,188925822,9780297,31892161,224,114688,23558408809,14003096330,23836996036,134.27,16.52,230.4
70,20682362,234780226,12178465,39954983,48,24576,27909577260,14258129931,28284441030,154.55,17.41,229.9
71,25856742,292512798,15128078,49792263,0,0,34688479818,17751880254,35127021930,154.86,17.42,229.9
72,20119930,233419024,12155968,39584234,0,0,27682710779,14192286834,28037149741,154.31,17.33,230.0
73,24973887,277627394,14196946,47113376,0,0,33182850920,17064898334,33481355570,152.3,17.3,205.8
74,17305474,182517984,9447181,30752872,4288,2195456,22220455495,12147695566,22417153831,131.59,16.37,230.4
75,18833572,199477003,10408579,33938889,0,0,24315417101,13961001970,24729708680,149.92,17.09,230.4
76,19843606,226558645,11709863,38626374,224,114688,26830320269,13768145888,27274813815,153.24,17.33,230.0
77,23898397,279763710,14480818,47727791,0,0,33166770256,16931646127,33558348119,152.35,17.26,230.0
78,19740933,230801454,12132336,39443177,0,0,27384191403,13942422113,27660183893,154.29,17.34,202.9
79,24482095,284651611,14702696,48598623,384,196608,34015907242,17471389126,34309971652,153.36,17.33,224.9
80,10971090,88734026,4508960,14969660,0,0,12070560859,8675790826,12182646829,126.34,16.13,225.0
81,24352945,288714990,15150499,49183256,0,0,34203555549,17272930029,34576131989,154.64,17.36,230.2
82,19956942,231132977,11909832,39374081,0,0,27462056790,14053461278,27799396550,154.52,17.3,229.9
83,20480290,234597231,12035685,39929667,0,0,27738179604,14399390388,28189433980,154.69,17.38,211.7
84,25733782,293080680,15243743,50047476,1280,655360,35015009363,17951957268,35433260798,154.67,17.37,212.1
85,15031455,147128864,7591452,24672994,1736,888832,18350672367,10765327158,18525499135,126.15,16.19,230.4
86,22187785,237759441,12368207,40453542,0,0,28656303445,16017490178,29304451566,154.72,17.44,230.3
87,20540107,234043897,12187022,39512603,0,0,27525996504,14052813231,27978042929,154.53,17.42,230.3
88,25550067,292493314,15350324,49640444,0,0,34737711485,17623641084,35101421247,154.47,17.38,229.9
89,19896526,232612415,12192991,39650848,224,114688,27718740851,14148541074,28021024010,154.73,17.39,200.0
90,22546393,243440209,12582472,41426103,48,24576,29735976132,15907418400,29967892252,133.63,16.37,230.5
91,10613195,95420566,4912422,16179552,111264,56967168,12316026038,8324270919,12555988422,139.26,16.8,230.4
92,26143289,295508489,15336315,50298922,0,0,35197389559,18120104375,35461770947,154.6,17.38,230.4
93,20895865,222163469,11606504,37657813,0,0,26276226060,13295169681,26633366108,153.15,17.33,230.4
94,25253728,290412282,15057497,49293579,1560,798720,34469223578,17719732288,34908974092,154.45,17.37,187.4
95,20230083,230762930,12102320,39542248,0,0,27560108790,14208154813,27940133698,155.05,17.44,229.4
96,15709659,137115686,6972267,22931810,112,57344,17752553935,12122726349,18056525066,125.1,16.14,229.2
97,19784302,232596435,12281000,39094067,0,0,27442427974,13915636296,27766718468,154.52,17.36,229.3
98,20318593,223521639,11623908,38239177,0,0,26863679949,13662193120,27135555562,152.51,17.34,229.5
99,25783569,290549479,15096274,49175223,384,196608,34490501590,17745188731,34919861089,154.93,17.39,220.9
100,20312365,231565485,11976739,39285250,0,0,27392991322,14052213727,27697104182,154.75,17.37,204.3
101,22760682,243490276,12342960,41295375,0,0,29788651200,16097690354,30031410116,128.45,16.21,227.5
102,17506651,173164686,8799793,29265958,0,0,21614944745,13390756599,21906278136,148.85,17.26,227.8
103,20476689,233861552,12051708,39904176,0,0,27919665942,14440848240,28177603554,154.96,17.38,228.2
104,20461000,232652491,11974633,39571432,1448,741376,27588868818,14103954341,27892218254,154.87,17.42,228.5
105,25595110,295033037,15098870,50043292,0,0,34964716606,17824572362,35351492417,154.87,17.35,191.5
106,20334005,233434266,11961486,40068806,224,114688,27747971404,14205943443,28140448698,146.99,17.01,230.7
107,10752511,76079805,3899232,12341267,0,0,10914761277,8370734459,10944537575,117.0,15.74,230.6
108,19786016,223624348,11746126,37986778,0,0,26738716762,14264701777,27146107787,154.61,17.39,230.6
109,25672133,292057216,15130157,49223101,328,167936,34252969478,17391419869,34604177272,154.97,17.42,230.6
110,19973815,232095855,11954415,39357303,0,0,27341856210,13916174881,27553968937,154.62,17.38,206.6
111,24487662,276219172,14304300,47414583,0,0,33004597014,17004700561,33389302749,151.41,17.2,199.4
112,20020954,222109993,11728594,37672343,0,0,26946132103,14247371794,27211526308,131.67,16.35,230.4
113,13295346,89657961,4373908,14217452,0,0,11905464771,9220897391,12201353462,135.13,16.67,230.4
114,20592948,233565661,12150737,39602395,1392,712704,27479250496,14038847627,27845485655,154.66,17.41,230.4
115,25102399,288919917,15081519,48908998,0,0,34116178234,17441308969,34650562282,154.85,17.45,229.9
116,19169712,219820236,11400202,37286899,0,0,26010794308,13290322327,26284569296,151.94,17.22,189.7
117,23815071,273558033,14180684,46336422,0,0,32356801597,16567660030,32781101311,151.16,17.15,220.0
118,16196911,165512864,8693795,28074972,0,0,20713735468,11560667429,20792709782,119.44,15.76,230.5
119,12732730,112222107,5939802,18785417,224,114688,14861619819,10215944729,15041205080,141.09,16.92,230.5
120,20693436,235319912,12130569,39619058,1056,540672,27647547996,14191109637,28123844895,154.86,17.45,222.4
121,25541640,287359939,15112898,49062409,0,0,34476603298,17612711220,34838464143,154.86,17.41,230.7
122,20705946,233319594,12016177,39534958,111040,56852480,27577033902,14210070991,28093336634,154.69,17.35,176.3
123,25562024,289964400,15022414,49202381,0,0,34434814779,17534259955,34855305740,152.3,17.24,225.8
124,12596842,107347353,5521808,17959104,1680,860160,14018781306,8865631335,14077924060,109.66,15.24,226.4
125,16847102,156718538,7993525,26122370,48,24576,19770066647,12346346433,20152625704,151.36,17.37,226.9
126,19238207,216916667,11161239,36645650,0,0,25538458237,13157545415,25896670904,151.18,17.21,227.4
127,25726921,294538317,15131764,49637034,56,28672,34535641140,17697408454,35022762947,154.97,17.4,227.2
128,20429004,232815811,12112223,39548782,0,0,27676166537,14086144154,27892288207,154.69,17.44,172.8
129,20921413,236385362,12303221,39969984,224,114688,28094002968,14467930565,28378035821,150.49,17.25,231.0
130,13439854,116114434,5899883,19118348,48,24576,15205080746,9939832942,15333286224,104.74,15.11,230.4
131,13690149,132187753,6928257,22109478,0,0,16696064893,10303973059,17121394455,154.95,17.45,230.4
132,26248845,294274422,15182416,49906082,0,0,34896125614,17989723672,35329486977,154.97,17.4,230.4
133,18493573,184679597,9539557,30936920,0,0,22376915555,11352271488,22525632200,141.86,16.85,215.6
134,25077120,285906312,14792595,48279025,3336,1708032,33539789170,17410617861,34125625249,154.8,17.43,180.2
135,19807830,231203712,11924709,38938676,0,0,27310869553,13983171000,27621493421,155.13,17.45,230.5
136,14770976,137765740,7061728,22681449,0,0,17577136249,10720689255,17732843345,102.65,14.89,230.5
137,10696146,86539506,4350911,14178353,224,114688,11419133456,8149063372,11649780413,146.48,17.13,215.0
138,25062998,290424812,14924290,49277620,0,0,34350684913,17665647670,34777561134,154.87,17.41,230.7
139,20724964,235554030,12224155,39986753,336,172032,27796769420,14288932043,28129797920,154.7,17.38,224.2
140,25129333,287098098,14982027,49609820,48,24576,34472963531,17711472962,34803850517,154.95,17.42,165.9
141,20140374,231658483,12063274,39438201,0,0,27305168000,14052148530,27821989579,152.48,17.29,228.6
142,13541585,120591165,6379878,20124560,0,0,15751044964,10021815918,15786140633,101.35,14.83,228.8
143,12420212,107935739,5656219,18198237,0,0,14150692048,9529148125,14386333621,152.04,17.46,229.0
144,25116923,288286209,15231288,49434428,1400,716800,34380149444,17753179417,34882839982,154.73,17.4,229.2
145,20541202,235746766,12023970,40131051,48,24576,27855089417,14374064069,28259124349,154.97,17.44,220.5
146,23347931,263854304,13621048,44842177,0,0,31341129398,16052016240,31735864706,146.8,17.01,169.7
147,20128767,230291197,11856478,39309112,112,57344,27049392470,13966829785,27494126185,150.11,17.22,230.7
148,13590227,112739433,5771738,18848584,0,0,15057026513,10409132390,15192391783,106.2,15.27,230.8
149,15322954,150034381,7690397,25452774,336,172032,18773077631,11626911668,19037841139,154.85,17.46,230.7
150,25563389,287522982,14972939,49487738,48,24576,34181109116,17634235320,34615608516,154.82,17.41,220.8
151,20415454,231615797,11976463,39591145,0,0,27482105979,14136501425,27862043421,154.81,17.42,220.5
152,25601799,291874430,15229402,49856754,0,0,34539804697,17665110332,34908383990,153.18,17.33,178.0
153,17243132,160435786,8244194,27228254,110368,56508416,19403072694,10017313466,19588396501,140.98,16.84,230.2
154,14594784,132076036,6880356,22193596,1736,888832,17184578292,11170798758,17276874311,105.59,15.25,230.2
155,14633013,136620334,6946116,23121548,1448,741376,17326977201,11174988527,17584052924,154.97,17.42,230.2
156,25279983,287750403,15129890,49642490,0,0,34560957070,17843302023,34968550517,154.75,17.41,230.0
157,20480374,232811301,12139884,39629508,0,0,27514242920,14231447513,27973288210,154.87,17.41,209.5
158,25169180,288317261,15057378,49280698,112,57344,34110711507,17492333904,34687294082,154.64,17.39,175.8
159,20574180,232237039,12071219,39663295,336,172032,27619978660,14211301476,27955429673,137.2,16.58,230.8
160,9305813,57486665,2841062,9142766,48,24576,8628319239,7189332788,8674595639,108.68,15.29,230.7
161,14162214,138772780,7154847,23452247,0,0,17395996826,10916226007,17756591858,154.84,17.43,230.7
162,26097910,292303336,15260238,49778290,0,0,34725250423,17964704932,35091545897,154.86,17.45,230.6
163,20597113,232910693,12136600,39691244,0,0,27588193331,14230354119,28088644740,155.03,17.5,206.2
164,26324549,290484426,15059023,49699793,1512,774144,34664540820,17716260738,35152327362,154.66,17.41,178.2
165,19685751,225279505,12038502,38714428,48,24576,27049140960,13793053981,27419906178,137.41,16.66,230.4
166,9651169,63911263,3205337,10392275,0,0,9337875782,7302551216,9356819063,101.37,14.86,230.4
167,11372902,91263767,4731578,15325438,0,0,12377307057,8807076793,12565455083,152.94,17.57,230.4
168,26023438,289577914,15160562,49884219,224,114688,34809383447,17900509145,35162770438,152.04,17.19,230.5
169,19237377,218984760,11273460,37280118,280,143360,25937452134,13516859355,26371400000,154.71,17.42,207.7
170,25142367,288408795,15045274,49115718,48,24576,34045741434,17321513450,34572820065,154.98,17.45,166.5
171,20465906,230663812,11923410,39740260,0,0,27611557951,14211296514,27928266629,151.87,17.32,229.6
172,15532092,143852611,7345708,24161602,0,0,18412577161,11190700733,18533990887,101.4,14.84,229.2
173,6539154,8026608,134382,387251,0,0,2596488955,4275570219,2663889008,128.58,16.41,229.4
174,24217127,254006501,13153348,43369223,728,372736,30321022925,15900548305,30757768673,154.88,17.42,229.5
175,20770261,234311521,12243606,40349022,888,454656,28085477392,14668809926,28437567986,154.74,17.45,229.2
176,25418922,287573423,14967511,49476412,0,0,34313454860,17542709860,34683567664,154.81,17.4,166.1
177,19649880,222104882,11529447,38102689,0,0,26464910115,13680561748,26774550013,152.36,17.26,199.6
178,22576972,239517293,12467463,40720517,56,28672,29094065849,15711290039,29392447864,117.27,15.62,230.4
179,3963334,4909997,136006,166277,0,0,1893572569,3395437312,1960207107,118.3,15.85,230.4
180,20207669,198071833,10370144,34227227,272,139264,25233549349,15207275602,25514253785,154.98,17.48,230.4
181,20696148,228554511,12019731,39468062,0,0,27460159249,14171763758,27773123473,154.8,17.43,230.0
182,25990260,293765232,15372490,50376396,0,0,35128998044,18187653526,35466735365,154.77,17.41,186.3
183,20629178,233531621,12078710,40122041,105016,53768192,27940758983,14359529204,28269373822,154.62,17.44,186.2
184,24154663,264006588,13859972,45429247,728,372736,32039686355,16956542873,32345984744,123.44,15.92,230.5
185,3964370,5226814,139691,160217,1168,598016,1945805760,3588684851,2029537579,109.14,15.4,230.5
186,16637105,152261427,7809891,26010929,0,0,19837489290,12730531305,20147109246,154.71,17.42,230.5
187,20091270,230575703,12185345,39531655,0,0,27524624299,14073462628,27879738438,154.72,17.43,230.5
188,25384603,289845415,15429815,50102320,0,0,34885496669,17936838119,35202375795,154.61,17.45,194.7
189,20479428,230740755,11967413,39691536,0,0,27725846183,14304240177,27983306882,154.78,17.42,173.1
190,25455674,291369330,15235353,50041070,1392,712704,34827605225,18037655311,35258699665,137.48,16.62,230.5
191,8142107,50884787,2514745,8066924,0,0,7586257125,6241403060,7629654387,101.06,14.82,230.5
192,12479933,89955803,4544653,15056271,0,0,12539191442,9740902552,12783486145,149.59,17.38,230.4
193,22514956,225289934,11637534,38518592,0,0,27200154067,13907205173,27343969556,146.9,17.16,230.4
194,22660669,243880313,12713985,41669652,3024,1548288,28796312649,14939820875,29339260175,151.2,17.26,213.9
195,19642329,220956090,11468338,38091151,56,28672,26524239251,13727904371,26789385379,150.28,17.15,166.1
196,24177506,278397471,14671920,48217709,0,0,33497241878,17304872539,33820292047,151.92,17.19,220.2
197,18833621,201829592,10532058,34702426,0,0,24694945079,13153153227,24895234787,117.13,15.6,220.3
198,3966995,5160866,144191,186827,0,0,2183896689,3791667483,2183721872,107.76,15.3,226.1
199,14919997,131185587,6830732,22145865,616,315392,17493849593,12077229576,17776440808,154.78,17.45,226.2
200,20456919,230160014,12006404,39718830,48,24576,27626881244,14230496634,27919115419,154.66,17.39,226.0
201,20529460,238060957,12753942,40838574,61552,31514624,28889549097,15266076998,29330531700,141.01,16.67,190.8
202,18422996,203156917,10717655,34893349,0,0,24259183580,12708724259,24573797313,117.29,15.6,167.5
203,6207830,19435963,798312,2388442,0,0,4376301005,5458990692,4348547330,102.5,15.16,231.3
204,5543151,8759987,222619,723452,784,401408,3229866648,5639144313,3242185308,102.17,14.92,231.1
205,5374809,7318079,210190,317706,1056,540672,2777641404,5369861447,2914116751,108.08,15.15,214.2
206,3185761,26478903,1159390,4304096,0,0,5518477306,6478112029,5556373640,71.47,13.18,191.5
207,51261,563353,9856,47476,0,0,316003974,586594021,368777389,95.38,15.08,166.4
208,12775689,52754075,2500998,7484644,0,0,8674092791,8754427306,8800249620,104.35,15.49,166.6
209,4568995,8600503,303058,783182,112,57344,3765042983,7024301424,3871486578,99.37,14.23,175.0
210,2141379,24225214,1229181,4103295,384,196608,3646637405,3108869382,3736267190,90.02,14.62,138.1
211,7725897,41747062,2035685,6258772,0,0,7051860259,8974584447,7140059287,101.59,14.87,155.1
212,4877993,8274906,329289,877885,0,0,3581849019,6799898953,3633320160,100.65,14.48,170.2
213,2736071,4555558,19753,174512,0,0,1518853887,2339469308,1598775280,82.54,14.17,170.0
214,8823968,62871317,3205571,10350781,41992,21499904,8075471139,4977581034,8254543862,103.69,15.34,150.8
215,4786908,6571233,171495,219235,888,454656,2665102260,5934281783,2736636749,104.36,15.12,166.9
216,3605536,8124064,293080,665289,0,0,3997309132,8061437978,4084687000,92.22,14.07,167.0
217,2124976,23366635,1221113,4032234,0,0,3769357424,2396319997,3845826490,88.39,14.61,150.2
218,7592894,40145898,2013561,6098924,0,0,6269250382,5644696496,6388972781,101.65,14.97,162.9
219,5708102,9115365,287130,644644,0,0,4344996744,9312015085,4461908163,102.92,14.71,170.9
220,2267237,24817953,1195100,4095588,272,139264,4247892561,4152687479,4458960732,79.46,13.85,155.2
221,5153620,27422304,1254278,4143600,0,0,4210644643,3559946597,4231053688,104.81,15.18,154.9
222,4342731,5552576,167125,192315,0,0,2873407299,7289068489,2900115721,107.72,15.45,167.0
223,8304775,31874497,1507762,4762317,0,0,6492418403,8118225262,6622424972,102.06,15.12,167.0
224,4476677,7466377,193047,619007,896,458752,3554313006,6718754098,3660810442,105.31,14.48,146.6
225,6081372,55393731,2823815,9268697,2176,1114112,7369683856,5686400130,7617710284,108.47,15.4,165.3
226,5964221,13335894,493064,1182804,112,57344,4398011417,8850008848,4389612896,103.44,15.01,174.2
227,2771912,6709052,127031,660451,0,0,3222804893,6136527763,3280600681,88.91,13.94,165.0
228,2289348,24356057,1224246,4156010,0,0,3597698307,2993051447,3650323650,79.62,14.21,165.1
229,8538876,84214449,4430605,14687517,336,172032,10555881673,5694479214,10762934531,144.6,16.92,179.1
230,23470036,263722950,13920476,45202345,496,253952,31412297386,16295794835,31893047435,146.14,16.96,168.4
231,16723120,186608728,9960020,32252397,0,0,22336139523,11537210209,22622672084,140.58,16.72,160.2
232,20162203,226048617,11880504,39063523,0,0,27125058751,13989625045,27418376842,143.12,16.85,124.1
233,15219975,152111041,7736758,25970562,0,0,19054023927,10857468849,19118647897,101.37,14.95,217.3
234,5296316,6956500,231297,267338,840,430080,2672235468,5219057529,2736221806,129.83,16.57,217.2
235,20408395,168200538,8478575,28055920,888,454656,20603731453,12107340932,21042121017,149.71,17.21,210.7
236,23364761,256023207,13589727,44231422,0,0,30892880353,15971640432,31343428298,143.84,16.85,218.0
237,17467574,189356809,9976759,32920112,0,0,22940195271,12026503858,23241826655,145.2,16.88,175.3
238,23292105,261081721,13774196,45060264,0,0,31312183172,16225283013,31701822910,142.98,16.86,186.0
239,12531647,140482038,7391213,24110377,0,0,17115920584,8859597624,17214415310,133.36,16.47,223.0
240,22650668,252889995,13365635,43619279,272,139264,30460636562,15603475854,30893255674,123.36,15.92,217.2
241,7921497,52637316,2674280,8492050,0,0,7905853484,6220897185,7871210782,100.43,14.79,217.5
242,6912798,19840107,835696,2635207,0,0,4355781905,5799051570,4493226369,139.51,16.94,217.1
243,19739186,219448471,11686129,37680026,0,0,26699983278,14314267078,27042556891,148.2,17.07,199.9
244,21940156,243209387,12867467,42316644,840,430080,29360866365,15229826928,29722777827,146.57,17.02,206.0
245,18762194,211135505,11139220,36400096,100592,51503104,25198755745,13064884078,25547498019,154.32,17.46,164.2
246,24837148,278940767,14605070,48454953,0,0,33617140214,17302991271,33937389322,152.82,17.35,195.9
247,19942474,230256454,12067978,39201373,0,0,27273666836,13985603270,27625439000,125.33,16.05,223.9
248,10381567,73379670,3696829,11844872,0,0,10339743147,7814080120,10386448969,101.04,14.85,216.1
249,3995314,5019566,142762,169764,0,0,1928482186,3450308871,1969579721,144.13,17.13,229.1
250,25466317,273081990,14433763,47079921,272,139264,33445995873,18639768702,33895442007,154.36,17.36,228.8
251,20166005,231939432,12299070,39605956,0,0,27583970653,14082269942,27946883796,154.12,17.39,210.4
252,25142909,288423112,15187905,49314321,664,339968,34206375841,17488563756,34591409422,154.49,17.43,164.8
253,20545058,233520304,12092402,39990612,0,0,27703201133,14334434691,28127921971,154.25,17.43,199.9
254,20598832,214901306,11244958,36784415,896,458752,26557721994,14452399414,26815172826,101.85,14.89,228.6
255,3968480,5126991,164579,193159,2672,1368064,2012826696,3580776352,2055101807,106.53,15.4,228.6
256,15536374,89743296,4257847,14218717,0,0,11945989831,9084449088,12211085552,154.3,17.41,228.6
257,20701972,234262266,12099802,40233146,2912,1490944,27849537053,14407189389,28259460952,151.9,17.29,228.6
258,24178738,276532104,14473296,47207525,0,0,32668972917,16594121192,33013537025,154.4,17.38,182.4
259,20594843,232776475,12056565,40218078,0,0,27816195382,14313358395,28032020663,154.38,17.41,166.9
260,25161986,287662998,15126641,49256654,2904,1486848,34132284518,17484969469,34679914259,139.91,16.73,216.4
261,13846174,127221047,6622975,21578962,0,0,16338695420,9899994560,16428371780,100.69,14.8,226.0
262,5011905,6469178,177774,218149,0,0,2402696993,4300474650,2484810629,129.5,16.41,226.3
263,16145163,155302323,7951969,26634668,0,0,19777573937,12440051273,20097742043,154.47,17.4,226.6
264,25711330,289488346,15181989,49915453,896,458752,34647018851,17709148921,35048846455,154.77,17.49,227.0
265,21389444,232276167,11949838,39810717,944,483328,27711303563,14353682936,28010897676,154.6,17.48,165.6
266,26034914,289157757,14932788,49693464,0,0,34663100726,17949478531,35003344667,152.28,17.29,179.9
267,19637036,223377974,11449178,38374796,0,0,26626580290,13804677532,26971345920,118.54,15.72,228.8
268,10358916,67566492,3440352,10935367,0,0,9786058200,7646728745,9853464937,101.02,14.82,228.8
269,3885005,4812189,140443,159004,0,0,1900931118,3457128836,1960210295,147.24,17.32,228.9
270,24981980,258273799,13495924,44383626,328,167936,31582061339,17970846851,32001872365,154.35,17.36,228.7
271,20367972,230803774,12186638,39771020,0,0,27407626589,14111888068,27785453554,152.13,17.29,206.9
272,24581190,277833766,14542641,47833171,0,0,33216162546,16934513248,33616445449,154.61,17.42,165.6
273,20654907,230115036,12003437,40057354,0,0,27725037204,14367166962,27983407227,154.9,17.48,199.9
274,24096643,253343020,13047731,43312513,0,0,30739884776,16563501186,31090144504,101.83,14.87,229.7
275,4062134,5242965,143822,170387,101416,51924992,1984389402,3467192865,2017439610,103.34,15.14,229.5
276,10710480,12530283,161668,482650,0,0,3645133295,5844630244,3736044552,144.01,16.94,229.3
277,23877982,266826957,13789157,46010551,0,0,31780992518,16495987451,32247495334,150.55,17.19,229.4
278,19526336,219820119,11247793,37706081,0,0,26179034522,13615851338,26586691260,154.64,17.41,188.1
279,20717316,230930327,12097809,40048395,0,0,27785258537,14303516613,28051719814,154.72,17.38,166.2
280,25781146,289742395,14911437,50123360,552,282624,34869988389,18040845214,35222426677,154.72,17.41,197.4
281,20950191,226305971,11720385,38757263,112,57344,27411789543,14311611136,27742149852,101.64,14.86,224.7
282,4973139,6351844,183587,197894,0,0,2418740263,4398485942,2482814661,103.76,15.08,225.3
283,10560686,67981860,3361887,11294602,0,0,10435443705,9373121615,10646412883,149.85,17.3,225.8
284,18598997,209909143,11006821,35957186,0,0,25100185109,13012355390,25393937714,154.66,17.43,226.4
285,20577566,233427283,12180737,40105511,832,425984,27763553038,14192515506,28122984387,154.61,17.39,189.0
286,25808011,293413548,15138015,50179268,0,0,34834193589,17901249504,35301169980,154.52,17.41,165.6
287,20451434,233376123,11975968,39788211,0,0,27540695848,14103655801,27844038344,144.61,16.97,204.4
288,20422097,209929622,10856258,35996667,0,0,26058033757,14393038700,26155590530,101.2,14.82,229.6
289,4004973,4982067,144987,179785,0,0,1923466505,3534016063,1978558171,112.89,15.68,229.6
290,10496633,64636397,3104365,10469770,1504,770048,10087124444,9351898158,10282744116,153.07,17.34,229.6
291,20958741,226877854,11686903,39044634,280,143360,27088531921,13911167085,27528860445,151.64,17.22,229.6
292,24005956,273501235,14460374,47223218,0,0,32682957991,16884512376,33127941732,154.44,17.43,178.0
293,20563417,230755151,12051743,39655466,0,0,27583681180,14218365125,27896306597,154.49,17.42,166.2
294,25170757,288038591,15275484,49296555,280,143360,34124951525,17374702330,34621954307,135.98,16.59,218.1
295,15501282,152640014,7978964,25890543,15000,7680000,18986094170,11287946754,19156134349,101.95,14.91,224.7
296,5295456,6787384,215222,255948,496,253952,2699312355,5202392671,2767223320,126.15,16.47,225.2
297,21097290,156864132,7657682,25686506,0,0,19909356816,12811759013,20216389683,150.54,17.21,225.8
298,18705798,211775274,11311723,36771333,0,0,25409531380,13047375877,25633292313,154.67,17.4,226.3
299,25656887,290210507,14883881,49468285,0,0,34363661652,17705806451,34885277468,154.5,17.37,170.2
300,20257655,232730420,12023021,39817046,0,0,27509198665,13974514388,27783763416,154.31,17.46,170.1
301,24610399,281811990,15001857,48684345,384,196608,33712287917,17264353330,34099184752,124.92,16.0,229.7
302,10231413,81475627,4251456,13589022,0,0,11223860753,7589270195,11204794983,100.89,14.81,229.0
303,4910353,6149666,174855,222579,952,487424,2400330111,4271331901,2441009757,126.72,16.33,229.1
304,13294952,111343287,5785336,18961932,336,172032,14984455516,10786866006,15221397400,154.57,17.43,229.1
305,25489606,289538974,15249470,49813871,0,0,34623339743,17928314315,35093647378,154.91,17.45,221.3
306,20825706,234815165,12326052,40058232,103880,53186560,28000092496,14499500049,28345289546,154.52,17.41,165.6
307,25263883,289632503,15111392,49723305,0,0,34513993084,17794425835,34956173981,152.64,17.29,165.7
308,19846517,223048246,11603023,38448313,0,0,26773293275,13901612944,27063235847,117.89,15.69,231.0
309,11495161,84544971,4229960,13914090,0,0,11761503492,8809094383,11816848621,102.09,14.88,230.8
310,4129713,5429675,165464,214739,0,0,2143737974,4035242093,2171727539,146.43,17.31,230.8
311,23155049,233278969,12058831,40362381,552,282624,29518410286,17581308222,29816664582,154.74,17.43,230.3
312,20715065,233167382,12218040,39943768,0,0,27612649932,14287285271,28025229648,154.61,17.43,214.7
313,25943996,288583201,15150696,49926946,0,0,34785305965,17876212986,35089039898,154.28,17.42,165.9
314,20523935,232222647,12061295,40048255,336,172032,27626015994,14339266073,28065153887,149.79,17.16,191.9
315,24097297,259914807,13661975,45351971,2280,1167360,31949310354,16712617072,32179479190,106.04,15.09,230.1
316,3996103,5108318,152266,187204,56,28672,2004931149,3653222221,2049625057,101.17,14.79,230.0
317,4644826,5799571,179891,204184,0,0,2394712478,4340392407,2444376773,128.8,16.57,230.0
318,17537835,112841380,5412738,18068106,0,0,14708544617,9681970024,14957248059,154.73,17.43,223.5
319,25961970,294187275,15339619,50287789,0,0,34726710800,17891329555,35313507334,154.68,17.43,201.4
320,20712821,232071468,12087016,39977976,328,167936,27602306615,14139220659,28021248388,154.58,17.46,165.4
321,25819602,289806667,14967624,50175714,0,0,34600588626,17841664910,35063602616,154.59,17.41,165.8
322,20619881,233347019,12040919,40290167,53504,27394048,27907664978,14273099522,28261333204,115.77,15.58,229.7
323,12117949,91803735,4644181,15239014,0,0,12589265534,9031291495,12717895551,100.87,14.84,229.7
324,4094284,5130854,140776,178459,392,200704,1973859303,3632469799,1998045958,131.31,16.54,229.7
325,16192665,134882840,6885209,23283312,1224,626688,18343118673,12941326938,18565654041,150.23,17.17,229.7
326,20060718,223921914,11613109,38585605,1512,774144,27023148700,13854549082,27294557454,154.7,17.43,214.7
327,24600653,277528250,14454321,47688495,0,0,32824064399,16936945786,33359086062,154.46,17.39,165.6
328,20678614,232287801,11935364,39767292,0,0,27470390478,14031420825,27825908105,154.69,17.44,166.0
329,25881112,294118078,15107607,50835888,0,0,35108430054,17885752031,35476469446,117.82,15.71,231.0
330,10607397,83070737,4244287,13680775,272,139264,11257595894,8077234421,11396553766,101.88,14.97,224.7
331,5088159,6879460,203323,238546,0,0,2652321680,5117445425,2715139007,143.8,17.24,230.1
332,16699779,158618286,8224627,26935921,32800,16793600,20399943468,12897562314,20815682706,151.06,17.25,230.1
333,24652095,273936390,14330169,47285282,0,0,32787010970,16726029674,33110364490,154.49,17.41,219.1
334,19873721,227580440,11948466,39393388,392,200704,27286302321,13988787458,27552443033,154.63,17.48,166.7
335,25494265,287082241,14849782,49386412,1168,598016,33997914112,17410746022,34453666827,154.35,17.4,185.2
336,19941592,228492659,11989707,39474219,0,0,27394492575,14093693168,27699824192,106.36,15.12,230.4
337,10525034,74288170,3836294,12028581,0,0,10508562039,7899408792,10581856018,100.75,14.83,229.8
338,4814912,6186508,173471,183150,0,0,2363043193,4285059132,2410893031,116.94,16.06,229.9
339,13317962,44401292,1794440,6300081,0,0,6792917612,6593821642,6995297489,154.58,17.41,230.0
340,25113708,290042329,15276537,49936493,328,167936,34915742058,17790129266,35178962521,154.62,17.43,206.3
341,20338008,231767975,11630310,39982802,0,0,27620998667,14180881258,27931207595,151.92,17.29,166.1
342,24045155,276309120,14475479,47538954,33416,17108992,32878977165,16857612938,33242357197,154.4,17.43,166.1
343,20462741,232400187,11939632,39739213,0,0,27472573232,14123362198,27844830092,133.9,16.42,214.2
344,18689523,188898557,9948307,32176551,448,229376,23419163861,13116229452,23644063886,101.74,14.85,230.4
345,3993108,5268867,147687,168273,1056,540672,1932389982,3582219001,1983770114,101.7,14.83,230.4
346,4697593,5917669,173260,208514,0,0,2375304276,4314964282,2437515746,154.13,17.68,230.0
347,20351618,203239945,10434766,35100395,0,0,25548634502,15297561134,25842586134,154.79,17.42,230.0
348,25713033,287757946,15050612,49612978,0,0,34441908271,17818711202,34889391777,154.65,17.41,177.4
349,20906252,236328226,12383146,40923574,0,0,28170158520,14435098468,28572898480,154.49,17.41,166.9
350,25678441,292307987,15253069,50491714,272,139264,35027106965,17975222918,35422628545,146.71,17.08,194.4
351,21296488,231078567,12079722,39883323,0,0,27709609722,14356714714,28073116516,101.22,14.84,230.2
352,5093358,7411862,215801,278435,33976,17395712,2674899229,4535277353,2678068453,100.62,14.8,230.2
353,3640851,4674642,142132,173067,0,0,1932049258,3524762416,1951243579,141.8,17.15,230.2
354,18490577,165563255,8332343,27860844,448,229376,21243713480,14180692931,21642669140,154.87,17.43,230.2
355,20819858,234365632,12078967,40486192,1224,626688,27935636118,14384608164,28237305139,151.41,17.25,193.7
356,24835980,279560840,14477629,48355262,0,0,33648761392,17436214170,34014003040,154.52,17.4,166.1
357,20910526,235875416,12227289,40470723,16016,8200192,28062621810,14424615045,28537331800,154.48,17.42,177.1
358,25671066,290024407,14885271,49670940,0,0,34186240006,17396572987,34696107406,105.22,15.05,230.5
359,7126687,38246197,1809006,5927564,0,0,6143848704,5549362326,6133651140,102.01,14.84,230.5
360,4804962,6200918,178906,232679,440,225280,2407559348,4401624188,2476794642,113.86,15.91,229.9
361,11030800,13115254,103071,548152,1120,573440,3492874682,5519057735,3539236965,154.66,17.42,230.0
362,24955283,272842903,14188534,47457049,16016,8200192,32773478379,16854645812,33120308227,151.46,17.22,209.8
363,19813773,219762139,11616738,37979776,0,0,26323669829,13626677158,26700792461,154.46,17.38,166.4
364,25810136,293333147,15070122,50153032,448,229376,34651778596,17850400693,35246983981,154.47,17.41,166.5
365,20448626,231763185,11882076,39685768,1000,512000,27425070948,13942342841,27835575714,135.56,16.54,206.0
366,22386525,225568640,11705919,38671749,0,0,27858550883,15377449983,28018573525,101.51,14.86,230.2
367,4275265,5502917,162683,191493,0,0,2078101739,3897609076,2140977898,112.79,15.76,229.6
368,6429221,12276649,466858,1322228,16016,8200192,3497523186,5944467688,3645404360,154.44,17.38,229.7
369,21714135,233932929,12099700,40271190,0,0,28964332965,16391978944,29366132699,154.55,17.45,229.8
370,25808480,289372141,15265526,49929061,440,225280,34652995014,17637820289,35109020453,151.25,17.24,183.5
371,18948022,215385800,11127272,37093477,0,0,25564313697,13188365822,25905863912,154.53,17.4,166.4
372,25831820,291111429,15061670,50069345,0,0,34714670701,17958332907,35129817429,135.65,16.56,204.1
373,19333073,204621716,10654734,35249481,0,0,25168646570,13372698516,25348215660,100.97,14.84,229.9
374,5048175,6538299,189676,238260,504,258048,2655258632,4773848722,2678397918,101.1,14.84,229.9
375,3850098,4913326,146998,184125,2352,1204224,2049435538,3787221615,2128930235,150.01,17.53,229.4
376,20911330,194628360,10014348,33251675,0,0,25061857852,15846042507,25471740611,154.49,17.42,229.6
377,20454746,232779996,12246975,39995576,0,0,27620803040,14014292165,28027514409,154.39,17.37,185.4
378,25046109,288041212,15176906,49297046,34368,17596416,34142012154,17428444503,34478875085,154.53,17.34,165.9
379,20170272,230359478,11968186,39856223,0,0,27608583312,14192475174,27857136756,151.62,17.32,183.2
380,26356777,293004669,15062000,50214214,664,339968,34885322481,18061230196,35227049100,101.52,14.91,230.1
381,6170961,25027379,1207060,3636385,0,0,4683065484,5267945487,4673239246,100.86,14.84,230.0
382,5151207,6668877,208296,227646,0,0,2591212366,4937939203,2646261172,130.45,16.71,230.1
383,15335021,61373821,2612990,8994471,14728,7540736,8750867614,7740825502,8927028500,154.56,17.45,230.1
384,25041390,288509012,15087158,49738364,504,258048,34515233066,17477530782,34877113663,154.54,17.41,206.5
385,20524882,230925578,11988008,39532315,1056,540672,27455693223,14090086410,27925231801,154.59,17.44,166.4
386,25971698,292279552,15287424,50419834,0,0,34988433212,17980724383,35365082447,154.54,17.42,166.7
387,20528431,232794512,12253809,39786393,0,0,27593176864,14183365813,27988938842,115.69,15.6,218.4
388,16225950,150912177,7703589,25611005,0,0,19240602191,11539584757,19338229939,101.1,14.82,230.4
389,3925427,5038008,153918,160029,0,0,1977789518,3572209611,2021231271,111.52,15.64,230.3
390,4868366,6231822,177871,203445,272,139264,2395630225,4458783883,2458704866,154.89,17.52,230.3
391,21047338,207837857,10487379,35663601,0,0,26286104847,15879184802,26613059373,154.58,17.45,230.2
392,26112112,292197430,15140069,49910340,0,0,34735403552,17913407038,35175394593,154.64,17.45,166.1
393,20582104,232597491,12170296,39492107,33616,17211392,27336683687,13853798237,27715137985,154.56,17.39,166.0
394,25938087,290242573,14968120,49717013,560,286720,34476301980,17744290333,34838888335,134.66,16.53,198.0
395,21245507,225453568,11717528,38803861,1224,626688,27532202081,14395684562,27692768634,102.16,14.87,230.1
396,5185593,6618315,195396,251167,1512,774144,2569689349,4831090064,2628654584,100.76,14.74,230.1
397,4405335,5390270,162343,201773,0,0,2268199933,4036943955,2307105525,134.87,16.76,230.1
398,11269744,70689442,3407358,11562941,16432,8413184,10549352286,8847742146,10780221511,154.6,17.43,230.2
399,25915598,290266627,15094424,49693661,0,0,34556755746,17827571494,34922404585,154.83,17.38,189.5
400,20704983,231562646,12091331,39856450,440,225280,27758736530,14348932778,27942752930,154.6,17.46,166.9
401,25539254,289792813,14912571,49523130,0,0,34310121022,17650967950,34818461865,154.75,17.46,166.7
402,20714852,233856068,12007218,39807842,0,0,27569823826,14299509479,28006084979,108.94,15.33,223.8
403,19720291,133692410,6630935,21551434,0,0,16426245702,8459605713,16608570134,101.53,14.88,230.2
404,3965069,5260942,161934,182239,560,286720,2035296673,3888569615,2114645274,101.28,14.86,230.2
405,5125342,6463462,192371,227770,832,425984,2545510283,4738769679,2609047358,141.95,17.17,230.2
406,12995244,92670113,4573614,15440007,0,0,13303997526,10724331999,13561167211,154.88,17.45,224.4
407,25896639,290729856,15159730,49998318,0,0,34624728265,17812643870,34965227064,154.55,17.4,166.1
408,20373834,231178565,12094503,39570566,0,0,27568391144,14107468457,27881979604,151.28,17.25,166.1
409,24339544,274063362,14265763,47110088,33192,16994304,32591026807,16728138642,32940353977,154.37,17.42,166.2
410,19971167,228342150,11967445,39209609,664,339968,27320225842,13903252791,27572630477,111.51,15.35,230.1
411,16602588,150115184,7600013,25247884,0,0,19390804295,11774237319,19526896755,101.35,14.81,230.1
412,4030975,5203928,144751,177603,0,0,1944878279,3492603768,1999268104,102.07,14.99,230.1
413,4853411,6095074,180130,215594,0,0,2378102973,4394579270,2438438986,155.83,17.76,229.6
414,21950461,205659293,10527226,34979322,15960,8171520,26332970892,16429801696,26773985614,154.59,17.42,229.5
415,20218443,230077465,12007926,39713147,1280,655360,27537133065,14135686786,27787199231,154.58,17.41,166.5
416,20714243,233969858,12217991,39987649,0,0,27688102826,14113349497,28250236746,154.59,17.39,166.4
417,25219703,286629477,15236640,49287353,0,0,34332070201,17491928962,34694328688,144.03,16.99,182.6
418,21057399,233543895,12221984,39945924,0,0,27773945966,14173307053,28203817501,101.84,14.84,230.4
419,10708926,66843190,3426196,10588371,16632,8515584,9786380485,7692408821,9834378309,101.47,14.81,230.3
420,4821857,6225501,192464,226450,664,339968,2426415353,4567798831,2496704648,129.76,16.56,230.3
421,6778428,22787548,1050122,3188903,0,0,4301120925,5327896783,4446111247,154.6,17.41,230.3
422,27472424,291616628,15050766,49940805,0,0,35652231830,19698915185,36076953681,132.74,16.52,205.2
423,21002610,156911991,7868160,25755100,0,0,18753988110,9637313125,19002487598,154.41,17.4,166.9
424,23318930,266865865,13896016,45709099,616,315392,31951777260,16330062095,32218984608,154.49,17.4,166.9
425,20213901,230841741,12051839,39284806,944,483328,27260315986,13941522070,27635647062,140.61,16.78,212.0
426,26544678,288960428,14936627,49914648,0,0,34843206043,18040292647,35137384536,101.21,14.89,224.6
427,4992842,13075089,548990,1437774,0,0,3217240298,4506939570,3172896640,101.0,14.85,209.5
428,5147955,6799211,200351,239484,0,0,2599243596,4919777015,2641839040,145.9,17.38,230.5
429,12788148,91121446,4352006,14983800,31512,16134144,13097787907,11002045942,13316599993,154.51,17.4,230.4
430,25309085,287050336,14851100,48847285,720,368640,33826222568,17243768835,34413372381,154.67,17.39,202.9
431,20812266,232830748,12037535,40294904,1008,516096,28021067635,14452455671,28248535809,154.43,17.47,166.1
432,25461991,288089467,14775883,49239238,0,0,34293125324,17643595011,34637748474,154.29,17.45,166.1
433,20506578,229024893,11847260,39418714,0,0,27238529391,13880711165,27562990641,101.33,14.89,230.2
434,14292823,126823675,6668685,21588328,16632,8515584,16738253748,10542744001,16826017744,101.02,14.82,230.2
435,4955951,6346045,188698,224126,2776,1421312,2444217781,4505138467,2530852063,107.62,15.4,230.2
436,3856521,5011666,136742,165132,0,0,1876372966,3454759106,1946662367,155.32,17.59,230.2
437,21475461,198838874,10149786,33879961,0,0,25713793640,16586462656,26132755485,154.4,17.46,220.8
438,20407865,231595959,12154249,39573952,0,0,27360455629,13858474271,27854644265,154.62,17.45,166.2
439,26199058,289872930,15184901,49661643,15456,7913472,34444772888,17604840046,34797509927,154.5,17.44,166.1
440,20773595,231169558,12036678,39509648,664,339968,27441939217,14092359980,27834497738,136.57,16.61,183.8
441,26542476,290804734,15011849,49565460,0,0,34689975055,17902086259,35153937185,101.23,14.84,230.2
442,4001616,5667667,164534,189603,0,0,2337359877,3842640088,2263992738,100.73,14.8,230.1
443,4858310,6355222,183286,247353,0,0,2455359797,4471099223,2516458272,103.59,15.53,230.2
444,3816069,4849471,135193,155432,15120,7741440,1894126377,3402333240,1933642933,151.49,17.26,230.2
445,24455660,155902569,7472137,25169512,1504,770048,20028707607,13097310943,20287082226,154.54,17.45,201.3
446,20739771,230885418,12033512,39933997,0,0,27774381859,14232379901,28042580262,154.67,17.42,166.2
447,26369264,295561333,15251107,50409054,112,57344,35057506429,18046262756,35645517606,154.36,17.38,166.1
448,20799605,234203292,11917353,39977232,0,0,27675336951,14134462957,28015298219,145.19,17.06,172.8
449,25461365,288743364,14759295,49769840,0,0,34418758731,17779498619,34733975374,101.47,14.87,230.2
450,8834594,56249045,2807085,9122460,17688,9056256,8260348367,6613928200,8255967622,101.39,14.81,230.1
451,5161353,6695860,184376,230338,0,0,2509823239,4631322153,2570563561,119.97,16.16,230.1
452,5387241,7242957,209028,276158,0,0,2508255503,4596255918,2585574290,152.4,17.31,230.1
453,21779024,214584967,10569663,36687222,0,0,27022871642,16193803107,27379171104,154.5,17.43,213.2
454,21129661,234547651,12217135,40062423,672,344064,27757759710,14359121544,28229906344,154.65,17.38,166.9
455,25819778,292859682,14855264,49706075,15952,8167424,34560875786,17914514087,35084259598,154.56,17.4,166.8
456,20615429,232358905,11939540,39714659,0,0,27811609476,14342333448,28054245055,128.53,16.23,194.5
457,25836698,278542183,14341060,47475712,0,0,33503551160,17446634628,33831925805,100.7,14.85,227.7
458,5178968,6640613,202035,226103,0,0,2603014978,4941566728,2654255190,100.78,14.85,228.0
459,3874266,5036300,157372,184465,0,0,2033170901,3917712276,2076016133,144.83,17.35,228.3
460,13961621,97617768,4794006,16067592,15168,7766016,14253937445,11966272031,14552451060,154.48,17.41,228.5
461,20691377,231407278,11952744,39379031,0,0,27336300518,13935444691,27782720201,154.52,17.43,194.8
462,25961733,289533795,14893164,49250233,0,0,34268055397,17697491914,34781055730,154.51,17.43,165.7
463,20946550,234222467,12169279,39963830,0,0,27820541263,14253314006,28094898610,124.85,16.14,165.7
464,21631702,241913078,12504494,41283627,672,344064,28869169542,15042730156,29336267524,129.69,16.27,223.3
465,19464093,133194003,6479026,21422224,19368,9916416,15736185506,7889836860,15960448902,101.15,14.92,230.1
466,9099730,47641932,2207059,7288378,0,0,7474326383,7078906470,7517401355,100.51,14.88,230.1
467,4021144,5149259,162888,191596,0,0,2044196383,3893310725,2084299501,138.89,17.09,230.1
468,9817409,44198329,2044300,6793968,0,0,7632432454,8551314498,7840700533,146.75,17.04,194.8
469,25295028,275597476,14304045,47068475,0,0,33453979690,18121265577,33733802032,142.33,16.76,195.2
470,17156995,190828805,9871616,32820740,15784,8081408,22795007842,11831495501,23154041415,148.49,17.07,166.4
471,21680236,242734912,12768270,41452973,0,0,28961850090,14897563004,29384774871,142.45,16.76,166.3
472,16765557,187572734,9722772,32256566,0,0,22565588252,11671381025,22817082730,150.49,17.18,214.3
473,17934248,200672227,10501583,34464164,0,0,23950640960,12460433480,24276000614,101.77,14.86,220.9
474,17609842,167885110,8620937,28434961,728,372736,21202020402,12584411160,21385102736,100.77,14.83,215.8
475,5140285,6374339,199126,220085,16008,8196096,2392175741,4395046936,2479498347,100.38,14.79,223.0
476,3861493,4794022,142835,169009,0,0,1940882086,3583287537,1981900024,141.99,17.16,215.6
477,13603048,90856449,4475242,15150780,0,0,13467913424,11412000959,13680318699,133.2,16.21,225.2
478,15816257,176145171,9027246,30416758,0,0,21205833197,10969611583,21365778139,151.64,17.24,166.4
479,20090754,225327021,11942500,38535407,0,0,26851370812,13816882484,27353039152,143.93,16.84,166.3
480,18632934,203906539,10648883,34981991,15896,8138752,24422811827,12588225216,24757257412,144.65,16.86,166.2
481,21290539,240963256,12609581,41190706,0,0,28629877390,14780475009,29024594901,150.6,17.18,216.5
482,18596884,207178449,10661191,35421147,0,0,24846309250,12858737696,25092778589,105.78,15.03,204.6
483,17124176,167268333,8549357,28322872,0,0,20841937014,12139183461,21007775354,101.07,14.81,226.9
484,3911160,4961513,135748,151105,728,372736,1851077862,3354518405,1909970727,101.98,14.82,217.5
485,4693301,5982223,167493,196811,15560,7966720,2366757996,4299292094,2417736604,118.36,16.34,217.6
486,10230783,12626287,155113,631765,0,0,3758672172,6045349169,3819466245,148.75,17.12,225.5
487,18601141,152944601,7796086,25457621,0,0,18575250084,10410566260,18888874902,150.26,17.21,172.0
488,24151521,269870361,14052278,46284033,0,0,32184029630,16375926251,32558865673,151.43,17.23,166.2
489,20246224,230748428,12067283,39199387,0,0,27421235715,13998099829,27686737252,146.55,16.99,166.3
490,23161472,259032289,13501395,44308116,17072,8740864,30720976731,15745193175,31183524138,153.09,17.38,186.7
491,18078106,202132490,10665583,35022234,0,0,24373072795,12606838527,24597960608,102.37,14.96,224.1
492,18720824,176159851,8972334,29533544,0,0,22019862117,13086104946,22360441464,100.12,14.8,224.1
493,4155570,5276128,162912,179355,0,0,2001305962,3878170185,2087384525,100.94,14.88,224.4
494,4707308,5877819,179741,197145,728,372736,2334750600,4336483693,2389466051,145.21,17.38,224.0
495,16228804,110163617,5284712,17917374,2672,1368064,15632900307,12086394909,15953624130,146.25,17.01,224.5
496,16633841,187699226,9885794,32314467,14392,7368704,22565455466,11532881590,22878972878,154.49,17.43,169.8
497,24011779,271572523,13998377,46173892,0,0,32225820159,16631274679,32585950834,151.03,17.21,169.2
498,20205130,230019087,12265920,39386958,0,0,27460811566,14074471513,27797537176,147.15,16.99,168.7
499,22783157,255100327,13299281,43632211,0,0,30405117695,15785123047,30825787276,118.72,15.73,218.0
500,19081396,204676941,10769064,35287731,720,368640,25040160127,12936008804,25174867675,101.24,14.85,218.2
501,5213559,6675755,199074,236093,17920,9175040,2668179583,5057227723,2689096966,100.91,14.84,230.2
502,4039479,5284091,154333,185815,0,0,2051029476,3906184162,2091840561,139.31,17.14,230.1
503,9221580,39279736,1745404,5872858,0,0,6903755019,7871529100,7120341367,146.64,16.99,220.3
504,20322310,215104288,11028653,36775348,784,401408,26787791057,15157591193,27055988044,150.67,17.23,187.9
505,22164591,244799733,12728550,41946557,1280,655360,29189563567,15029524543,29622404944,120.22,15.81,166.7
506,20926762,231635598,12014437,39698856,15008,7684096,27560863882,14199526699,28021115496,137.4,16.52,166.6
507,14724102,74545107,3461254,11379084,0,0,9261395108,4762723424,9366537829,152.81,17.33,208.8
508,18368826,206453029,10618119,35524075,0,0,24674197788,12749019979,25021493226,127.11,16.16,220.9
509,26873381,289504146,15014870,49745258,0,0,34793790855,17921752589,35182134723,101.42,14.93,221.4
510,5697074,20895329,979627,2879407,664,339968,4230621027,5035996186,4210052224,100.31,14.86,193.6
511,5117069,6532018,207757,247433,15568,7970816,2673451075,5025280622,2731030792,137.95,17.03,210.1
512,10920572,54023515,2429909,8550132,0,0,9055008229,9502850332,9262912756,147.94,17.1,222.8
513,19181989,211328510,10683293,36288282,0,0,25560070105,13682249456,25894505734,143.96,16.8,202.1
514,21929396,243320517,12724388,41734103,784,401408,29050113465,15038753619,29407782646,145.3,16.96,166.7
515,18406892,197406131,10176085,33585247,1280,655360,23362592886,12132435724,23850991918,138.31,16.52,166.6
516,20780937,227511658,11792485,38916102,16184,8286208,27142583460,13915019609,27464927697,143.41,16.83,205.2
517,15702673,175334605,9121489,30111426,0,0,20985463242,10969090627,21273450616,109.09,15.26,222.4
518,19278905,192002693,9822764,32824345,0,0,23772989258,13343043999,23989579755,100.77,14.81,221.8
519,3955544,5083520,152216,165352,0,0,1961241120,3664883727,2004288107,101.09,14.81,221.7
520,4947400,6311330,180288,220665,664,339968,2460960794,4556938566,2501749069,129.43,16.65,210.9
521,3929371,5140746,143800,177994,14168,7254016,1934538054,3526482401,1985026596,149.06,17.1,218.4
522,23925979,225733533,11473343,38279773,0,0,28719433808,17941752709,29212656481,146.09,16.89,178.2
523,18886922,211530222,10939845,36243221,0,0,25087194283,12798394991,25334098995,148.41,17.09,165.4
524,22655427,252205732,13077528,43331146,840,430080,30024467640,15401785455,30362976418,147.49,17.01,165.5
525,18622201,208143913,10665687,35614306,1168,598016,24883489169,12781619065,25188383443,112.64,15.76,197.5
526,21575435,225158281,11771789,38581870,16968,8687616,27416630129,14117319057,27637491615,139.18,16.79,220.0
527,6841591,13527976,342328,1188084,0,0,1743929157,938021065,1896086158,100.25,14.86,220.5
528,19827317,183508899,9555380,31075126,0,0,23120754458,13285388748,23311740915,101.02,14.82,220.2
529,5037989,6449373,186658,208083,0,0,2563884063,4589602323,2607036217,101.06,14.81,220.4
530,3947574,5074391,149532,172818,664,339968,2043249096,3656515863,2114766364,148.51,17.67,188.4
531,12778100,70478036,3428613,11425491,15344,7856128,11225071192,10374699296,11493777636,150.58,17.25,209.9
532,20104447,214726082,11149712,36932414,0,0,26298749240,13998577488,26472959167,146.31,16.99,167.8
533,23820245,261302300,13536892,44447344,0,0,31121245382,16123672493,31541867097,145.42,16.93,167.5
534,17194147,189500541,9959799,32688837,840,430080,22698921299,11737645234,22974306466,147.58,17.08,167.3
535,22772949,252601244,12969381,43014040,1224,626688,30000836002,15460294291,30424571083,134.54,16.41,215.0
536,19557778,219458790,11294582,37684356,1008,516096,26173200701,13488824202,26504025697,100.62,14.8,225.5
537,12629123,109109560,5535029,18233220,18440,9441280,14303202972,9014552874,14429374895,100.87,14.79,220.2
538,3724717,4623467,129654,148956,0,0,1848225859,3254470826,1904873802,101.05,14.77,220.0
539,4382978,5416167,155366,181735,0,0,2258777546,3979446763,2301510369,120.41,16.22,220.6
540,4608036,5852398,166909,190503,664,339968,2293310863,3950358728,2360874684,155.36,17.61,213.4
541,18480163,155023272,7565167,25930715,0,0,20921715878,13783377582,21150580247,154.47,17.43,165.9
542,26148447,292705737,15046796,49720887,16096,8241152,34679732415,17954053442,35107970095,154.49,17.4,165.8
543,21132905,235166084,12165487,39932372,0,0,27936903793,14353434941,28237591962,154.7,17.4,165.8
544,20663210,233257442,12038788,39859204,840,430080,27759913160,14306374845,28085415555,128.92,16.23,178.5
545,26067748,294511611,15207695,50261700,1280,655360,35077153815,18205029929,35598703300,100.73,14.84,232.6
546,9506322,59608018,3001509,9599104,0,0,8853154575,7171974549,8900960810,100.93,14.83,232.3
547,5009241,6310001,176300,203485,16408,8400896,2424190065,4534021861,2507014236,101.17,14.94,232.0
548,4609387,5666520,162816,196151,0,0,2264845364,4098677776,2323032017,120.34,16.38,231.8
549,7656464,9277008,104007,501123,0,0,3130874446,4680779897,3220989717,144.06,16.83,210.7
550,22938658,172043864,8456801,28313288,720,368640,21002420570,12115162380,21325724257,143.58,16.8,166.2
551,15323385,175402569,9222985,29940005,0,0,21123118800,10900170021,21373634252,140.82,16.63,166.1
552,20875161,236078406,12096936,40282719,15406,7887872,27899185771,14950982873,28412586962,145.28,16.91,166.1
553,16042364,184261034,9683586,31595332,0,0,22025632315,11415372097,22299266489,147.9,17.09,178.3
554,21573798,241405472,12406315,41150280,896,458752,28649304193,14989852733,29171255095,127.84,16.13,221.1
555,17273858,192129012,10076324,33104507,2672,1368064,23019991985,11948593247,23241284933,101.1,14.83,220.4
556,13895955,111225770,5620422,18302872,0,0,14920248591,10313178691,14988682313,100.5,14.86,220.0
557,4238635,5366067,157854,182126,16520,8458240,2065853597,3928471443,2107695267,113.2,15.89,219.4
558,5212248,6689804,199053,226860,0,0,2521664507,4757772584,2579830315,148.02,17.14,219.7
559,12732948,81652524,3914409,13571871,0,0,12175622419,10728936905,12474142862,151.45,17.27,212.1
560,23288424,261387691,13481066,44525537,776,397312,30959144688,15893254754,31246517744,140.91,16.7,166.4
561,17706880,200101010,10539569,34286723,0,0,24104230975,12419097182,24370450507,150.0,17.2,166.3
562,22885279,255511185,13299665,44173976,15904,8142848,30398997321,15800809514,30848237813,145.12,16.91,166.5
563,18967148,209958520,11123828,35975485,0,0,25174106870,12923572755,25498348801,123.45,15.97,221.7
564,21458860,235613612,12307190,40429326,896,458752,28231730044,14553183380,28519339011,101.48,14.85,226.8
565,9201270,66729796,3514877,10962118,1168,598016,9258039705,6714130355,9328595580,100.44,14.76,218.3
566,4701456,6000733,186341,215922,0,0,2413758666,4467657570,2462894244,100.88,14.83,218.5
567,4818806,6189184,183205,201864,15064,7712768,2365578952,4412595503,2429207777,150.16,17.73,218.9
568,5063926,11556964,470037,1295507,0,0,2692931607,4295867207,2864308887,123.05,16.06,205.5
569,27319759,228713968,11747457,38282427,0,0,29415018683,17109724727,29638474950,146.61,17.04,166.9
570,17430627,144464598,7310420,24174513,664,339968,17305145861,8832271932,17597774754,149.28,17.16,166.7
571,23501909,258213054,13593311,44335874,1288,659456,31098240022,15967134270,31553711456,145.04,16.93,166.6
572,18636508,201481088,10566947,34628864,18216,9326592,24096877091,12328316631,24390175356,145.36,16.92,211.5
573,21650948,238776047,12631850,41209146,0,0,28598562374,14671832998,29040576890,114.91,15.53,191.5
574,18460964,205141559,10659314,35177757,0,0,24716146655,12706961878,24944984385,101.44,14.83,224.7
575,8491352,38915303,1874029,5778036,1168,598016,6622550429,6792770338,6647911282,101.29,14.8,224.3
576,3978691,4934943,153935,184909,0,0,2004603811,3690831520,2033734360,110.73,15.53,223.9
577,4834614,6112916,169223,187505,0,0,2283552903,4192286792,2368663439,141.64,17.02,223.3
578,13985164,83087761,4057431,13362682,14056,7196672,12755649662,10221178428,12892190583,151.44,17.28,194.8
579,17233901,184963572,9648412,31801279,0,0,22546022575,12288173803,22900446155,141.71,16.76,167.3
580,23330562,261501321,13535465,44638135,664,339968,31104244159,16217621509,31530519072,145.53,16.9,167.1
581,16479367,183252543,9516210,31100531,0,0,21846322970,11396872864,22158557277,154.42,17.43,167.0
582,23891950,266301393,13699775,45799449,0,0,31646461222,16419609397,32074832509,129.13,16.26,218.7
583,20922902,232652906,12102756,39890824,16968,8687616,27674788817,14386747890,28143002528,101.13,14.86,219.0
584,13505520,108308173,5557319,17984387,0,0,14385410638,9707914384,14478563915,101.57,14.86,213.9
585,4144472,5363898,153474,190427,944,483328,2061834940,3691485096,2106319652,110.53,15.66,214.4
586,5096165,6658060,199771,240814,0,0,2636884325,4804121047,2699210955,148.11,17.35,229.3
587,10221112,54242670,2533071,8657322,0,0,8601149928,8253457923,8825879783,138.32,16.7,218.0
588,24534125,255304019,13358075,43929595,14896,7626752,31407268848,17485073649,31774226542,122.95,16.08,166.4
589,16901870,151729946,7803096,25746569,832,425984,18551071548,9493850461,18692661435,146.31,16.98,166.4
590,18233133,129196116,6366915,21204121,0,0,15788481776,8076268965,16030918004,147.36,17.05,166.3
591,19057001,211424084,10984040,36481993,0,0,25415201090,13225700113,25721632718,145.05,16.83,220.9
592,23542805,258926890,13434933,44699711,0,0,31331247918,16162236157,31663691748,120.67,15.7,220.5
593,17423162,194425922,10056958,33580062,18608,9527296,23359655292,12032068946,23599385047,101.94,14.76,185.1
594,12073052,93963603,4765076,15608585,7864,4026368,12685930305,8675056741,12800852861,101.3,14.74,218.9
595,4770279,5906021,172775,204181,6328,3239936,2505313348,4575953353,2547034180,101.12,14.73,219.2
596,3776204,4884861,140019,163711,0,0,1929026623,3511138346,1973805899,140.64,17.29,219.5
597,4992326,6302087,178935,200000,0,0,2361616923,4226373066,2406779175,141.59,16.67,204.1
598,20740419,186610008,9399295,32123794,14504,7426048,24362614617,15832892494,24739801317,140.22,16.62,166.7
599,19780739,217067110,11316050,37158742,888,454656,25981371365,13524161618,26364138409,148.37,17.05,166.7
600,16843193,188423395,9723528,32436571,0,0,22546832263,11704389705,22816778401,144.5,16.85,166.6
601,23578371,264069352,13435301,45337198,0,0,31469817846,16167426557,31851465933,138.55,16.55,196.3
602,16425078,183298766,9504087,31340474,0,0,22152719407,11441453588,22310402885,120.19,15.81,216.9
603,20259266,225714289,11740558,38895714,17192,8802304,26792059307,13957955853,27249824166,101.15,14.86,216.4
604,9438160,62675006,3238348,10513258,336,172032,9245599491,7061816875,9215221883,101.27,14.81,216.5
605,4888923,6278437,199489,257103,2176,1114112,2619252569,4994273303,2675705157,103.35,15.06,217.0
606,4078869,5233813,159825,183763,1960,1003520,1993848760,3711563439,2026237431,147.64,17.5,217.0
607,8145132,25759329,1123809,3644299,0,0,4934108231,5869514955,5106816473,136.99,16.65,202.7
608,20079366,194109815,9966150,33444081,14616,7483392,25609293963,15369594370,25778697981,130.93,16.34,166.2
609,23979477,203127234,10382015,34057797,0,0,24556922383,12568852197,24715864380,144.1,16.82,166.2
610,16130356,135972751,6909357,22804781,720,368640,16094601403,8442818061,16408144526,146.88,16.98,166.1
611,22250616,245483676,12718020,42088850,0,0,29397256107,15250207385,29686002815,141.64,16.66,210.7
612,18280595,201450433,10516355,34685732,0,0,24236013014,12366913954,24505458895,124.76,16.03,216.5
613,21297906,234978727,12003875,40169221,17528,8974336,28025598207,14585199969,28518144767,101.53,14.84,193.7
614,12688840,105763946,5365135,17744118,336,172032,13759316945,8933138736,13854914243,101.8,14.87,217.5
615,5193313,6719465,200822,230583,3056,1564672,2625741517,5000955184,2682611177,115.21,15.96,217.5
616,5227308,6873478,209097,250336,0,0,2677275866,5221537362,2752705358,146.92,17.13,217.6
617,10057888,54797336,2631426,8888596,0,0,8820025137,8228034207,9001110199,143.57,16.79,217.0
618,23385875,244349386,12706567,41842441,15568,7970816,30271689478,17097430756,30535876354,151.29,17.27,166.5
619,18655456,207053647,10787098,35263367,0,0,24639535805,12640378224,24974323173,154.43,17.42,166.5
620,23901141,265838481,13901891,45998261,664,339968,31765386758,16526391484,32224124734,154.41,17.38,166.4
621,20940739,233494950,12075218,39944384,0,0,27741785241,14181151582,28206655602,106.0,15.14,219.5
622,27377957,292008002,14954138,49808086,0,0,35267260767,18293295508,35589909749,100.81,14.81,219.1
623,4167031,5197301,151326,177712,0,0,2055512276,3816804119,2105095614,101.35,14.8,219.4
624,4840850,6168320,206655,217535,16856,8630272,2509099699,4549484855,2536054994,113.22,15.76,230.1
625,4215128,5310194,152117,197046,1056,540672,1958324988,3432810110,2003480474,140.3,16.69,230.0
626,11281575,55632161,2529899,8643046,0,0,9148361258,8983095353,9360895080,143.36,16.77,198.5
627,16923468,177359030,9142067,30449041,0,0,21756278198,12437521368,22147336334,130.83,16.29,165.9
628,21331216,233370029,12127949,40246513,0,0,27852965669,14478388995,28325791405,127.82,16.16,165.9
629,15815459,148220879,7796290,25199363,15624,7999488,17975530586,9087506863,18090707410,153.56,17.37,166.0
630,20010235,144763257,7180786,23486660,664,339968,17262213815,8833752021,17436243015,154.24,17.4,208.4
631,19516994,223401517,11588875,37827740,0,0,26148964722,13420182360,26634426552,113.13,15.47,220.0
632,26150761,292945121,15377772,50201776,0,0,35147388256,17937905605,35465919085,101.14,14.83,208.8
633,9712972,60703393,3141912,9661032,0,0,8835948152,7104277786,8873380292,101.76,14.83,188.1
634,5106510,6489747,207085,225929,15400,7884800,2642339253,5189582869,2673194115,127.4,16.62,221.9
635,5432934,7109205,207786,245251,1280,655360,2638289115,5113308605,2707818322,144.17,16.89,229.7
636,14784188,105029703,5287888,17354438,0,0,15490337994,12840757755,15745900226,146.13,16.97,208.4
637,20831926,228820734,11870140,39390062,0,0,27313018864,14184824660,27755424744,151.92,17.27,166.4
638,18581378,201884408,10540464,34349979,0,0,24293695498,12439195225,24541749533,154.33,17.43,166.4
639,24343357,270227606,14110005,46027516,15120,7741440,31938935022,16397137912,32483198503,149.46,17.28,167.1
640,21241648,231529150,11951825,39702986,2176,1114112,27827325294,14221518036,28113579980,100.97,14.85,221.4
641,25004305,264528906,13908170,45035173,0,0,32257056245,16889598730,32529222675,100.55,14.8,220.9
642,4242842,5342477,168112,183735,0,0,2106519610,4047238688,2154478689,100.6,14.83,221.3
643,5009748,6476622,210308,244459,0,0,2555370385,4868630852,2623755132,131.59,16.89,230.1
644,5295002,6795423,191999,228601,14784,7569408,2557924854,4713769993,2589010376,143.26,16.86,230.1
645,15284321,110231193,5562053,18464021,1112,569344,16274731073,12816520824,16519041164,154.38,17.43,190.1
646,22138105,241131286,12698261,41441726,0,0,29123939601,14957118498,29483048203,149.76,17.24,165.9
647,21284583,233648988,12121126,39736779,0,0,27921837434,14360792764,28385269822,134.17,16.49,165.8
648,24582192,267598741,14155832,45889484,0,0,32347301117,16537906862,32759105997,115.72,15.61,166.4
649,17708547,165183527,8366018,27818501,18536,9490432,20079320906,10225933633,20203769022,144.19,16.9,225.2
650,14818732,77806877,3566374,11945845,608,311296,9313560405,4816105792,9591832135,100.77,14.85,225.1
651,17422944,193800442,9993543,32777341,0,0,23164904441,11986356594,23458103843,101.0,14.89,225.7
652,8027072,30238556,1487406,4276857,0,0,5868735848,6730037173,5828944794,101.05,14.85,225.5
653,4164086,5355190,179247,216248,0,0,2143828529,4246183675,2209770072,125.79,16.56,174.4
654,5224139,6785541,213828,241536,14168,7254016,2615343134,5039502182,2683735704,140.87,16.7,209.3
655,11384773,69108936,3363399,11322420,1224,626688,11340811599,10479301285,11500202987,139.56,16.62,191.9
656,19914434,219044830,11452765,37955711,0,0,26189305076,13559957589,26518148087,122.44,15.61,166.1
657,15707791,175657994,9053616,30202730,0,0,21068596105,10922995208,21372853517,131.45,16.4,166.0
658,15346933,170989898,8995265,29504771,0,0,20650422988,10854688110,21007197797,141.38,16.75,174.4
659,17618006,179076643,9104406,30282996,16576,8486912,21599768122,11032391611,21952290471,137.01,16.53,208.7
660,15734852,176475263,9405029,30495794,608,311296,21257209269,10737560311,21516574735,133.53,16.37,213.9
661,15952410,172894717,9096315,29849587,0,0,21007744160,10914029477,21222122044,101.17,14.87,206.3
662,21035663,208265101,10975667,35674431,0,0,25755336517,14020557223,25990382722,100.84,14.86,194.4
663,5240015,6667716,208676,227682,0,0,2635275158,5170694009,2695443895,101.36,14.8,209.9
664,4122719,5241174,167907,186618,448,229376,2028176727,3857744322,2093714119,128.15,16.64,217.6
665,5031279,6414923,182074,217275,16120,8253440,2416711682,4437300672,2491737899,152.69,17.45,203.3
666,11084930,63106494,3015760,10014584,0,0,9363027935,7692054483,9592882110,153.98,17.33,184.8
667,27682395,282148784,14579653,48176675,0,0,35171211550,19634259404,35540443113,137.69,16.89,166.1
668,21122428,234529776,12280013,40396800,0,0,28144170826,14341763371,28386093781,145.12,17.04,166.1
669,27739545,238093092,12006123,39998777,168,86016,28660156942,14549362406,28997941295,140.5,16.66,166.1
670,19047154,164582916,8247510,27692947,16680,8540160,19486053554,9992368347,19885525166,110.2,15.32,226.4
671,22297557,248689713,12793865,42889775,0,0,29870259234,15400298527,30296205539,101.03,14.85,226.8
672,9108560,65330041,3294968,10692856,0,0,9067288001,6590432388,9071911671,101.02,14.84,227.1
673,5127060,6622753,193818,215276,0,0,2570601907,4836910169,2621412807,108.03,15.52,199.2
674,5164799,6789395,208627,236603,504,258048,2613011043,5061996175,2691345328,143.82,17.11,229.9
675,4243120,5502023,176063,213248,16616,8507392,2125606489,4036069585,2184642408,137.01,16.44,196.9
676,23585744,220755235,11200157,38123158,1568,802816,29154897234,18278888746,29434931923,148.15,17.04,165.9
677,16685654,184105181,9701538,31982066,0,0,22013418137,11347222403,22372758792,154.1,17.35,165.8
678,20984214,232409350,11910619,39923148,0,0,27816771924,14290953963,28284342859,154.34,17.41,165.9
679,20932287,236263017,12096650,40445301,0,0,28168830217,14392916602,28406067758,124.8,16.05,199.1
680,20906513,232666307,12116141,39925783,18360,9400320,27844338327,14325726627,28143311886,101.08,14.88,214.0
681,20340830,193653858,9914075,32873678,0,0,24336098408,14149139331,24618270414,100.97,14.74,213.4
682,4143023,5374510,163126,197706,0,0,2209506881,4165319846,2229990543,100.53,14.74,229.3
683,5120560,6498570,191708,230672,0,0,2613885031,4830566020,2683915951,132.79,16.95,229.3
684,5196251,6637370,199221,224904,504,258048,2535434863,4567107620,2582424910,143.19,16.79,229.5
685,15008300,99125957,4726728,16490248,15112,7737344,14674509745,11445119755,14915207225,149.64,17.1,168.1
686,21674608,231900951,12148745,40430133,0,0,28222097002,15193686219,28570186368,147.1,16.96,167.7
687,18601451,207283525,10830266,35836880,0,0,24988285345,12813592970,25194708875,133.86,16.63,167.5
688,18134464,200148751,10477499,34510048,0,0,24150761535,12388784665,24419421733,144.77,16.89,167.6
689,27528191,248513083,12351583,41524185,0,0,29458933705,14953618572,29919658939,124.47,16.01,226.6
690,18834256,152526522,7559375,25444597,17248,8830976,18113910234,9272785166,18336189815,100.81,14.83,215.4
691,19468696,185715993,9599370,31623965,0,0,23317997882,13347979513,23522289410,100.62,14.81,221.4
692,5307715,6598464,197559,210888,0,0,2550728100,4728885167,2612663835,100.65,14.85,222.0
693,4017010,5103583,172352,185273,0,0,2128808339,4124842671,2173818095,142.89,17.5,197.5
694,5256081,6755612,206233,240938,504,258048,2629417431,4954081786,2686850784,140.25,16.61,226.6
695,17770453,143164724,7091306,24118109,15728,8052736,20203710868,14526548585,20464760906,142.2,16.72,169.8
696,20620349,227932695,11849302,39523696,0,0,27539415271,14381742585,27894745036,140.71,16.59,169.2
697,15613219,173173858,8951830,30029196,0,0,20992200325,10882037015,21229712074,147.87,17.05,168.8
698,21310850,236288227,12274726,40849946,0,0,28283243510,14630806939,28673706562,145.47,16.86,181.3
699,17615217,192928433,10105411,33210850,0,0,23329171499,12084346454,23551779207,114.34,15.55,217.5
700,22783833,253958744,12988391,43906284,18080,9256960,30117561718,15658504867,30708769087,100.36,14.86,217.4
701,12026731,100492865,5126087,16955693,0,0,13380686079,8628884450,13396770470,100.68,14.81,212.3
702,4987062,6420298,203238,234286,0,0,2631438408,5080265021,2686473897,100.11,14.81,220.5
703,4236758,5389075,157154,193946,0,0,2065669910,3839113409,2127984717,152.93,17.95,220.3
704,5294707,6664569,195159,236327,560,286720,2496350028,4729714015,2590300583,150.02,17.2,219.8
705,18384026,146903180,7385934,25061508,1280,655360,20456317043,14870683236,20786008290,147.24,17.04,165.9
706,26868154,298037596,15389504,51050922,14672,7512064,35748945674,18556509714,36263751351,151.25,17.23,165.8
707,17996316,197776205,10295909,34240666,0,0,23849739280,12375842209,24083114042,130.96,16.3,165.7
708,23386958,261458070,13418888,44789731,0,0,31097542031,16105612543,31598357705,119.43,15.68,184.9
709,20701337,205571253,10571665,34956696,0,0,24766330212,12574806940,24944486529,122.37,15.91,231.2
710,13910595,57064710,2449628,8061050,608,311296,6802679837,3313968082,6984096712,101.51,14.79,221.1
711,15831621,151016210,7791436,25915381,17920,9175040,18908746132,10732526527,19144382694,101.03,14.86,221.6
712,5331972,6815969,210252,233753,0,0,2632073876,5176338056,2727103748,101.56,14.92,222.2
713,5217911,6578004,210255,239601,0,0,2642115346,5220767744,2708604807,148.44,17.63,181.6
714,4301748,5499889,169310,204651,560,286720,2124844722,4091084302,2170258266,146.21,16.95,204.7
715,21272922,186892342,9442078,31895810,1168,598016,25098392807,17569507170,25487825361,146.13,16.93,175.5
716,17356688,193705024,10040961,33203585,15064,7712768,22897241575,11792762522,23259438163,145.35,16.83,166.5
717,21973785,244858644,12637305,42262515,0,0,29279792704,15206689692,29629735540,140.46,16.7,166.4
718,17927551,197291105,10285354,33997622,0,0,23597633754,12271205410,23913121925,135.5,16.48,184.0
719,21010313,234600712,12173997,40239646,0,0,28125656731,14443364053,28422162766,101.28,14.81,225.7
720,18499013,204349219,10611837,35033201,776,397312,24343489463,12513872303,24605792541,100.29,14.76,216.5
721,8229341,30708923,1501280,4376370,16576,8486912,5756495427,6465943853,5751351063,100.66,14.81,216.9
722,3944793,5187523,162151,173686,0,0,2045977729,3992255198,2095076068,122.16,16.46,222.5
723,5448555,7040126,207862,235868,0,0,2616674250,5044490097,2682926129,152.82,17.29,207.9
724,10755093,49837545,2227215,7888009,560,286720,8861732357,9887113540,9064252573,141.99,16.73,195.2
725,20348666,216024343,11206704,37239923,1448,741376,26522186695,14564645073,26717151524,150.81,17.19,165.9
726,23410061,263795462,13701892,45550186,14784,7569408,31843205360,16459310320,32173438384,144.74,16.83,165.8
727,17611993,195869616,10136774,34053976,0,0,23395977563,12072533043,23631629914,121.57,16.07,165.7
728,20347190,229996662,12104151,39684031,0,0,27495975215,13980310023,27807937101,127.13,15.89,208.7
729,20959774,169871116,8528426,28224690,0,0,20564885709,10554201518,20732082800,107.99,15.29,229.6
730,16982208,128634805,6380233,21346241,776,397312,15310357346,7944259976,15586711659,100.73,14.86,211.4
731,10392871,79676757,4194461,13441020,16184,8286208,10976018411,7538216918,11086084643,100.55,14.78,229.6
732,5128945,6479772,204008,240082,0,0,2621292590,5075105832,2693238437,102.24,15.12,212.9
733,4212609,5502964,161999,208087,0,0,2109089840,3996485199,2133392603,147.3,17.37,188.6
734,5365849,6759505,198836,259346,616,315392,2538814859,4782737421,2589873965,149.58,17.12,198.5
735,16300154,128444582,6149725,22101717,2728,1396736,18178681699,13638561484,18324623824,146.96,16.96,165.3
736,23103994,257091169,13307837,44220132,14672,7512064,30586627822,15710045749,31051862708,146.05,16.91,165.3
737,17778207,195484739,10289603,34116948,0,0,23389993117,12155399276,23762692754,142.11,16.7,165.2
738,23669644,260011873,13513343,44735291,0,0,31032586085,16078808452,31448914372,141.59,16.81,182.3
739,16319179,184063701,9752915,31752311,0,0,22153389040,11318762055,22304366714,101.29,14.75,221.7
740,23453277,261559560,13607876,45085961,832,425984,30910289350,15989331608,31591343467,100.37,14.7,221.6
741,8565893,40215360,1917198,6042226,15848,8114176,6736266523,6698572888,6746990565,100.67,14.7,221.3
742,3804658,4816756,140506,160950,0,0,1906453537,3523631326,1969966772,100.6,14.77,221.0
743,4973564,6166622,176166,211041,0,0,2418218975,4395169005,2495657929,131.57,16.76,220.5
744,3875482,5032339,145461,164876,616,315392,1925971578,3449963434,1962265823,154.07,17.39,201.0
745,13591791,84631418,4207595,14307279,1336,684032,13330953482,12444555350,13563271889,149.08,17.14,165.1
746,17655790,199040952,10434872,34536099,17760,9093120,23992248185,12372260647,24266573372,141.82,16.66,165.0
747,24008581,267368923,13737090,45693951,0,0,31507819429,16226430459,32094770884,139.96,16.7,164.9
748,16303319,179917897,9226672,31120051,0,0,21626889299,11146850837,21843209956,127.12,16.18,165.1
749,23782263,262487400,13700969,45229688,0,0,31306349539,16154287368,31777812825,129.26,16.18,215.0
750,18289793,82250733,3591099,12017912,776,397312,9641025557,4786998552,9817343017,100.74,14.82,229.3
751,23864373,254706689,13524530,43996623,0,0,30740900974,15906827210,31077298451,100.73,14.81,213.2
752,4940337,11238263,444315,1103731,16296,8343552,3162309881,4593103490,3156983936,100.54,14.79,219.4
753,5129876,6766200,206552,252884,0,0,2714077804,5224328129,2783677400,122.17,16.47,204.3
754,4211109,5559853,173355,222694,672,344064,2264669840,4243886627,2273786694,143.13,16.85,204.2
755,6491673,8711444,237869,512130,1392,712704,3367924675,6220730252,3461562485,144.21,16.82,192.2
756,19850366,192281993,9916749,33481936,0,0,24904283725,15616888100,25317323144,96.61,14.27,164.8
757,19663131,220561363,11600433,38203372,13832,7081984,26614045060,13424187735,26954227945,60.18,12.82,164.8
758,11103126,126771814,6021657,21425096,4536,2322432,15108253303,8472987178,15447286433,60.39,12.79,164.8
759,78649,441833,9075,25515,112,57344,192439643,528633206,253953743,61.09,12.78,202.9
760,17323,248026,4986,32881,1392,712704,183157331,512712936,247177136,60.18,12.76,212.5
761,16216,260915,5376,46256,0,0,202830215,480522327,262243076,59.96,12.71,212.4
762,13186,210402,3162,39053,13832,7081984,270354902,553672750,342400986,60.77,13.01,150.0
763,6817,314106,758,33313,0,0,226950811,469780377,287009514,61.29,12.98,120.6
764,5584,308430,558,31937,672,344064,307119938,554754206,332119208,60.14,12.85,120.6
765,59859,683196,9374,50880,1336,684032,211757250,506932915,338644939,60.8,12.72,120.5
766,16913,234734,5390,16942,0,0,145560455,337211465,195025337,59.49,12.48,120.4
767,6631,143295,2359,14707,13856,7094272,110387971,342873442,172232228,65.13,13.32,120.2
