,LLC-load-misses,LLC-loads,LLC-store-misses,LLC-stores,blocks,bytes,cycles,instructions,pkg_pwr,ram_pwr,ref-cycles,power
0,34415,2207382,215,102720,0,0,318965785,211506510,25.04,5.6,345151672,114.6
1,8340,4594451,183,241995,168,86016,603227421,396744836,27.86,5.09,617170984,93.1
2,9724,4121780,155,193343,0,0,529970015,389762191,27.91,5.1,572855948,93.1
3,114836,4950958,7657,279586,56,28672,571032952,440075826,27.65,5.51,640176549,93.1
4,160896,4336802,9109,214491,776,397312,577634162,444066816,27.53,5.44,634714758,93.0
5,43697,4122875,1221,217870,672,344064,554924180,386456523,28.19,5.43,584273825,93.0
6,5166,3204223,154,197628,0,0,402282536,280215931,28.1,5.15,438071037,92.9
7,152007,4854269,8713,325502,0,0,698690116,514279516,29.57,5.42,729364899,92.9
8,145689,5654822,3022,273147,112,57344,565592976,437746965,30.41,5.6,654598828,92.9
9,23376,4445908,2540,245281,384,196608,573232617,394374900,27.62,5.26,609250129,92.9
10,188649,4135369,6748,242759,12432,6365184,543991095,473405398,27.99,5.69,624439500,92.8
11,12429,4235308,232,201345,0,0,517336045,377868820,26.6,5.17,575994330,92.8
12,10861,3733759,89,213535,0,0,486669002,352362400,26.31,5.11,534151859,92.8
13,7044,2947784,114,166873,896,458752,360475822,266790774,24.78,5.08,439756456,92.7
14,158885,4800562,7943,280908,664,339968,667173559,509039474,26.49,5.28,739643975,92.7
15,87192,3578994,5657,170059,448,229376,477267777,381623329,25.66,5.41,520654342,92.7
16,62738,3646987,1120,209835,112,57344,477449497,331387450,26.14,5.29,498304526,92.7
17,226896,5247124,7417,304305,0,0,634210324,466433205,28.82,5.35,698419211,92.7
18,12138,3789861,1531,221276,168,86016,505077394,351735118,26.84,5.18,546841051,92.7
19,79493,3633483,10530,230314,496,253952,496622645,384036646,26.13,5.27,560638985,92.6
20,20059,3327416,739,191611,0,0,445530808,310714337,25.55,5.24,476138375,92.6
21,10121,3885176,311,198097,0,0,493515739,336803496,26.75,5.09,548561462,92.6
22,5757,3656655,251,215390,0,0,490531891,337457473,25.63,5.04,533114747,92.6
23,2212,2965206,219,145371,0,0,427799349,303376797,25.44,5.01,453091658,92.6
24,15597,4163678,7143,249613,328,167936,521274676,401341653,25.85,5.18,596712860,92.6
25,63139,4574612,1649,249363,224,114688,612403620,451612814,25.25,5.15,655811051,99.1
26,12853,2382761,184,116045,0,0,301007871,224410948,24.18,5.11,345180692,104.6
27,3327,2893495,122,179365,0,0,459615109,311528048,23.61,4.96,483128780,104.0
28,4602,3023936,84,180674,0,0,455482671,308647431,25.35,4.99,482143735,103.6
29,5273,3692496,189,175317,496,253952,476793829,304364666,26.06,4.97,505408424,103.6
30,10901,3257569,125,177640,0,0,425658403,290960584,25.33,5.03,459757215,93.1
31,5000,3326047,203,161749,52528,26894336,394823352,298932186,24.38,4.99,464725220,93.0
32,3074,2804991,99,149018,0,0,367964692,248042257,26.14,4.92,384754886,93.0
33,4942,4555408,1102,259182,0,0,545339280,401090477,25.92,4.99,608836817,93.0
34,11089,4842314,818,275465,496,253952,636686677,428559399,26.02,5.07,682416109,92.9
35,7416,4069046,3868,221626,112,57344,474298734,379451643,27.34,5.09,569215469,93.0
36,9996,3523480,616,211949,0,0,460881898,302562784,25.61,5.04,489711025,93.0
37,6873,2839066,924,161099,0,0,354462778,266596888,24.82,5.05,417699728,93.0
38,2849,3231320,413,179814,0,0,408135498,281389130,25.53,4.97,459227535,119.5
39,13326,3763846,839,196502,496,253952,481339767,323653989,24.92,5.04,505898694,126.0
40,11388,3340823,1620,179732,0,0,443210473,317912660,24.09,5.14,512878324,93.4
41,3587,2614367,159,130090,0,0,385260551,267270628,24.64,5.0,413216988,93.3
42,3951,4060908,84,233917,0,0,519267411,340404239,26.04,5.04,531128974,93.3
43,64448,2962822,5294,159403,280,143360,385847601,267005467,29.62,5.81,428329436,93.3
44,220295,5642798,10316,321889,1952,999424,682336499,536381658,30.31,5.57,751840080,93.2
45,15047,3626713,810,228050,1568,802816,443713092,310932500,30.6,5.26,467005753,93.5
46,16307,4213543,2153,227918,0,0,534842637,374059161,27.49,5.16,577862823,99.1
47,16496,2984857,4292,143449,56,28672,395041897,285862451,30.73,5.91,437118682,108.0
48,90594,4897509,6226,279183,2128,1089536,563979568,428133321,36.83,5.97,599314097,102.7
49,86359,5347702,13233,374904,888,454656,749142740,559715167,31.32,5.4,769782486,103.2
50,21176,4273357,665,255545,0,0,537426810,365007025,27.52,5.25,583449184,103.4
51,60970,3240343,4732,184273,0,0,446777379,323376498,26.21,5.3,487616797,103.7
52,76309,4710131,3572,296997,0,0,612595532,434809820,28.9,5.32,659420315,103.9
53,61929,4319839,1820,244184,0,0,547367578,415623901,36.23,6.1,598129919,109.1
54,170228,4938538,5430,279157,720,368640,622803320,525394517,35.26,6.09,705883582,109.0
55,79394,3473600,2251,162573,392,200704,370255413,330348654,40.3,6.63,428156725,108.5
56,146423,4735699,3121,235087,0,0,527094290,450055387,31.96,5.72,617581970,108.3
57,27833,4822786,5314,273342,0,0,538457233,418638479,27.08,5.18,654428756,102.9
58,12140,3407227,688,199782,0,0,448410961,291415012,25.41,5.11,468541074,102.5
59,215114,4549405,22096,230296,552,282624,551107606,455085963,28.68,5.63,649633074,102.0
60,26335,3407347,1946,158107,0,0,399953000,271428356,25.19,5.35,447158977,102.3
61,35161,3071251,1605,162223,0,0,346361857,279680537,25.21,5.2,421110578,102.2
62,35623,3371057,4739,188297,46760,23941120,443693395,325606408,26.08,5.3,484118882,102.1
63,6416,4242836,938,257799,0,0,549849535,373635167,24.72,5.07,575233396,107.7
64,465758,4987623,64347,321066,2992,1531904,947319007,1003500843,32.47,6.07,1020893091,102.4
65,1034652,9309303,231181,749339,168,86016,1551074697,2157983544,39.5,6.96,1738692874,102.0
66,642022,5097906,133154,307483,0,0,1275251284,1589061317,38.51,6.59,1292375719,101.8
67,158038,4059528,7531,221938,0,0,753870269,713183358,25.32,5.26,809062370,102.0
68,26912,3347222,6519,181087,0,0,438903180,305318588,33.97,6.1,441611355,101.6
69,162625,4968060,17502,282949,1848,946176,558491280,440700106,31.86,5.68,620355734,101.6
70,15363,3142909,3175,247465,216,110592,501089107,337543960,25.0,5.2,525693042,101.5
71,22597,3928580,3902,241702,0,0,473400358,341424896,36.28,6.25,514281596,101.2
72,50321,4352606,917,232712,0,0,481730880,381203155,37.04,5.97,539953404,100.7
73,11451,2501444,195,120721,0,0,331302589,248599155,24.16,5.15,399510788,100.4
74,106523,4762390,13058,273391,3880,1986560,607758366,467809645,31.57,5.61,681604483,100.2
75,26841,4702812,2878,293748,20664,10579968,579272050,412489499,29.99,5.49,618589185,100.3
76,4499,3600721,1458,190844,23936,12255232,494130953,380073554,30.53,5.34,516880111,100.1
77,9313,4861750,1914,254592,21808,11165696,582745290,461396910,30.82,5.31,673955822,99.9
78,39799,5466923,1057,332645,19224,9842688,663304274,475257116,31.48,5.36,694917869,100.2
79,14292,4856199,7988,284849,20024,10252288,560388204,449438295,31.78,5.39,630357247,100.2
80,12960,3336106,1935,176609,27184,13918208,432797178,332949417,26.34,5.43,481265326,100.5
81,3892,3651067,641,224344,20320,10403840,469474168,337895677,26.38,5.31,517814558,100.8
82,6123,3776625,332,204432,20128,10305536,496414828,374795783,25.84,5.32,559201786,100.6
83,5291,4247278,489,228547,18736,9592832,555525015,398441063,25.37,5.27,622444262,100.3
84,8370,3184577,473,201438,17872,9150464,419422935,307852969,25.63,5.27,495803935,100.4
85,12210,3407075,478,195773,19840,10158080,468179259,317682230,25.91,5.33,536106182,100.1
86,4007,3382538,256,181935,18648,9547776,422440818,319066127,25.74,5.44,513182942,99.8
87,113383,4687164,3852,263160,19752,10113024,520889609,452411015,30.13,5.52,624945305,99.6
88,13794,3209645,763,168595,18024,9228288,423526811,361250574,24.6,5.39,524322073,99.8
89,24760,2833318,1961,136735,17760,9093120,403563490,295509097,24.49,5.34,462360017,113.7
90,4623,3084778,2211,191234,17416,8916992,413799908,284000119,26.6,5.25,462309372,113.4
91,13089,4912083,9521,297724,19496,9981952,610254917,462874651,29.74,5.36,666958956,112.8
92,8173,4286821,1539,251951,20128,10305536,560042217,395513502,28.71,5.32,601704046,103.0
93,12032,4047134,889,238051,65712,33644544,491236808,376865451,29.82,5.35,542119347,118.6
94,5698,3923854,694,229663,18552,9498624,543412330,407254371,25.49,5.36,593906072,118.4
95,15607,3395679,699,220871,18656,9551872,480719151,360166382,26.04,5.34,513637021,112.8
96,3732,3854114,655,235720,16936,8671232,496905163,334387360,26.92,5.29,525776988,103.3
97,2695,4096516,1442,263047,19296,9879552,549417207,392884909,28.21,5.31,612146478,103.3
98,3184,3173530,1930,214350,18224,9330688,433833111,327834103,31.17,5.35,457716822,103.9
99,7272,4422296,1528,281304,20128,10305536,619232606,478905647,28.46,5.36,663379596,126.9
100,3861,4260412,794,268391,18760,9605120,578325069,417104701,28.52,5.3,621205011,126.2
101,211799,2816075,109054,200969,18344,9392128,460486432,437669629,28.39,5.71,539154677,126.8
102,35499,1515383,335,72055,18528,9486336,273198905,246108116,22.69,5.49,359935010,108.8
103,11702,1064426,174,44315,18112,9273344,212956089,208872984,22.52,5.38,282553883,102.9
104,5198,804447,160,99366,18800,9625600,196211527,187357711,22.35,5.37,260898675,102.6
105,8381,1401718,152,65615,22648,11595776,223211314,200834229,22.6,5.36,315889935,103.1
106,13541,795827,35,60613,19208,9834496,190177556,184225657,22.32,5.31,245893305,102.6
107,3401,1158721,259,56970,20456,10473472,210178044,205529656,22.5,5.35,256425112,102.3
108,3707,1297506,586,48796,20088,10285056,181029548,226336539,22.48,5.38,326560829,102.2
109,2578,1047194,685,25170,20360,10424320,208602787,184554697,22.4,5.26,249819221,101.6
110,3997,1002204,649,59169,20064,10272768,190525790,167957787,22.44,5.31,235400081,123.5
111,5562,1132150,973,64565,63744,32636928,216620036,199983666,22.48,5.27,293868647,130.2
112,7012,925926,813,46876,20248,10366976,171981685,153105134,22.42,5.37,243818475,123.5
113,2762,1127294,865,57323,20320,10403840,239060908,198980431,22.59,5.33,273129359,98.6
114,6931,1176804,1603,62477,20632,10563584,267348492,231392259,22.59,5.33,320476213,123.3
115,4737,1056784,258,43641,20848,10674176,179700838,186034960,22.35,5.35,250551008,108.7
116,4446,1002258,230,60962,21240,10874880,185365367,159728337,22.17,5.32,225889411,98.8
117,5140,1200127,287,72902,20040,10260480,228125713,228558792,22.36,5.33,295705412,129.6
118,3614,901677,1408,64562,20064,10272768,158089155,168895880,22.3,5.3,232395491,117.8
119,4476,949365,2330,60470,21232,10870784,221946387,191122429,22.35,5.38,274135000,97.0
120,5147,1108735,657,69497,21240,10874880,255827811,221176082,22.43,5.4,326507229,115.1
121,1797,865786,247,70459,22168,11350016,136602286,146062834,22.34,5.29,259148982,109.8
122,5651,1066514,305,38452,18128,9281536,210737567,193343193,22.34,5.29,268679793,110.0
123,6121,1199535,389,61755,19200,9830400,255007478,243088418,22.34,5.32,310157764,110.5
124,4305,1006848,796,65226,68720,35184640,146122452,161365255,22.36,5.34,268905216,110.8
125,4012,1036043,393,62707,20192,10338304,182884425,168943872,22.41,5.29,244883879,111.1
126,4252,1202573,1004,62987,20112,10297344,232869268,236179910,22.27,5.29,293929540,101.6
127,3046,876590,779,55887,19256,9859072,192297031,174424278,22.18,5.23,234857377,101.7
128,4598,1156462,1684,38925,20360,10424320,208603117,204273982,22.38,5.36,286982520,101.7
129,6907,1038443,3799,70951,20200,10342400,172758016,205415709,22.37,5.3,288900271,101.6
130,4734,1066290,957,71267,20632,10563584,207036157,181437999,22.36,5.35,263291208,101.5
131,3741,1353992,1449,70058,20648,10571776,251036046,226873300,22.55,5.34,342241080,101.6
132,32556,1399561,2374,112701,20928,10715136,275850266,293618638,22.68,5.47,345771568,101.9
133,8846,1017785,402,54313,20096,10289152,191097155,209933202,22.3,5.36,273526628,109.3
134,12229,1334956,1312,67507,20688,10592256,254394454,265207495,22.47,5.4,343026689,98.8
135,5822,975215,380,80193,20312,10399744,261127306,247290242,22.26,5.3,285442405,98.9
136,37507,1060441,430,72175,18488,9465856,165864448,155213843,22.12,5.32,254372820,99.5
137,12245,1290721,487,47800,22488,11513856,264196905,251681682,22.4,5.43,309717234,108.7
138,2310,1036997,924,73045,19968,10223616,211321831,197689567,22.19,5.35,256040677,108.7
139,5106,1160348,2709,55177,20304,10395648,201123521,186524032,22.12,5.37,275142087,108.8
140,5104,891221,796,33691,20248,10366976,201008001,174350462,22.29,5.35,240326455,102.5
141,6644,1213853,133,59515,66520,34058240,259316930,239054126,22.21,5.27,319666187,102.2
142,5735,1039566,713,66676,20264,10375168,208670928,178837813,22.31,5.36,259023182,102.5
143,3453,1023348,252,72268,20800,10649600,235307054,217192336,22.29,5.31,286287264,109.5
144,4759,1253719,442,59769,20280,10383360,259803211,233206112,22.21,5.33,320717408,109.8
145,4135,1074204,1006,55819,20520,10506240,185663433,190327226,22.31,5.23,274166378,103.6
146,3921,1005754,284,79138,20248,10366976,233638354,232161605,22.45,5.33,287616741,110.6
147,9809,1173703,5762,86184,20320,10403840,187100900,244489759,22.65,5.37,328774408,104.3
148,5801,1301811,223,54796,20560,10526720,214406879,258755044,22.26,5.32,343261854,95.8
149,3313,909856,488,62496,20152,10317824,195029915,167551020,22.23,5.34,232461564,95.8
150,4375,1004025,372,38139,20352,10420224,168146736,161817712,22.3,5.37,224425359,95.7
151,8249,1177801,2094,74523,20432,10461184,270245913,247287355,22.09,5.29,328989762,95.7
152,3531,1035036,221,49267,19704,10088448,185254386,179492833,22.22,5.28,268026978,95.7
153,4084,992456,276,54955,20984,10743808,182138860,153227735,22.39,5.37,244635000,95.8
154,52383,1360062,1099,55794,71992,36859904,220918358,295930667,22.26,5.39,339761801,95.7
155,11325,1058770,1079,45023,20696,10596352,222352158,211090414,22.25,5.34,267158029,95.7
156,2936,1073744,749,53700,19688,10080256,216996258,182426086,22.32,5.34,253794086,95.7
157,6189,1336087,880,75096,19760,10117120,234760594,227812575,22.25,5.28,322949145,95.6
158,2546,874889,149,60815,19216,9838592,178700623,173168880,22.13,5.18,240680025,95.6
159,2309,1070094,324,61112,17136,8773632,215157725,179464692,22.28,5.24,243902199,95.6
160,5525,1108891,2197,84715,16528,8462336,240956615,232205256,21.97,5.19,306818078,95.6
161,3488,990173,586,48142,17024,8716288,196793407,184079132,22.14,5.26,246203823,95.6
162,7483,1115224,655,46587,16784,8593408,212486312,174815452,22.22,5.34,267701043,95.5
163,3207,1183573,861,54380,19200,9830400,230721976,244019073,22.17,5.27,327118862,95.5
164,4444,1028580,748,49845,20336,10412032,215417568,210826668,22.23,5.31,270710255,95.5
165,3504,1102385,650,60645,18112,9273344,231483751,221643642,22.28,5.26,286650526,95.5
166,3034,973150,524,86747,15656,8015872,261522355,210519382,22.19,5.23,310727958,95.5
167,7628,899850,65,54955,15144,7753728,175846183,166975439,22.18,5.24,254350593,95.5
168,2476,882834,98,58705,15504,7938048,173286212,180652325,22.22,5.22,243797955,95.5
169,2993,1009229,213,47248,16088,8237056,212022207,206373714,22.06,5.18,285688584,95.5
170,3492,1046865,128,9808,16432,8413184,117983207,132046047,22.08,5.27,222608611,95.5
171,5249,1192726,534,87915,18672,9560064,281955670,241046750,22.3,5.28,312179189,95.4
172,5074,989378,920,55226,59968,30703616,196377852,194297660,22.19,5.25,254745108,95.4
173,3593,980413,687,55425,17312,8863744,209315124,189725644,22.27,5.2,227183247,95.4
174,3961,1078843,1029,78608,16792,8597504,255966841,213009607,22.25,5.24,289047075,95.4
175,3513,997454,444,68773,16664,8531968,166914353,163762797,22.13,5.24,244210208,95.4
176,2501,970926,206,33420,17704,9064448,181981145,144422094,22.28,5.24,204443915,95.4
177,7534,1134233,298,58659,19640,10055680,193979608,194210184,22.15,5.28,318331656,95.4
178,2954,978588,630,60232,19648,10059776,162371580,178800669,22.19,5.31,243713004,95.5
179,5473,917802,1950,67554,17072,8740864,186611231,161435098,22.23,5.34,229241936,95.5
180,5838,1088086,1610,42182,20400,10444800,240553892,229549338,22.1,5.29,298303443,95.5
181,2162,906041,1035,61479,21248,10878976,210009254,181276502,22.24,5.32,255974199,95.5
182,4145,1004599,586,60078,20424,10457088,236792261,220313213,22.19,5.32,308303467,95.5
183,14706,1243356,1365,70856,20016,10248192,276242056,250224274,22.26,5.39,306264142,95.5
184,3516,960151,225,38241,16392,8392704,177580862,161603368,22.15,5.31,227941515,95.6
185,7154,1248450,1147,53173,68816,35233792,218877340,209639996,22.11,5.37,285413553,95.5
186,3425,1043711,501,55022,20200,10342400,199522581,219542283,22.17,5.36,282215404,95.5
187,4531,1227064,1141,70221,21056,10780672,188067067,220516602,22.44,5.41,292983306,95.4
188,3306,1416079,1412,66682,20816,10657792,269134566,249160337,22.34,5.35,341322550,95.5
189,4989,945362,459,56677,20984,10743808,253276969,213133933,22.23,5.36,272164145,95.4
190,4382,1155926,309,66956,19984,10231808,234340839,203982627,22.37,5.32,277709418,95.4
191,2534,1127620,345,55910,19968,10223616,178882156,195480405,22.41,5.3,277986084,95.4
192,5400,1254108,211,97678,17528,8974336,295027317,253858477,22.29,5.26,333039816,95.4
193,8205,1136726,178,46330,18440,9441280,208353599,205712965,22.12,5.31,265271183,95.5
194,6320,1140202,1041,37197,19984,10231808,166485108,193617866,22.4,5.38,263080068,95.5
195,8576,1236103,203,69076,21056,10780672,289374233,246284003,22.21,5.36,339183838,95.4
196,3054,921351,153,62650,19376,9920512,209619742,170535626,22.15,5.3,250601625,95.4
197,3194,1043937,294,46941,20824,10661888,163803952,174524573,22.33,5.31,248187076,95.4
198,8990,1261863,916,69826,21080,10792960,261170483,224914348,22.25,5.3,311969679,95.4
199,2464,933527,408,41516,19440,9953280,161772776,167958176,22.22,5.22,242854131,95.4
200,4348,1016707,596,48011,19104,9781248,152311827,200932053,22.33,5.31,259329551,95.4
201,5155,1209071,733,52576,18480,9461760,206218103,225560612,22.19,5.28,296010330,95.4
202,133102,2224799,14149,103613,21920,11223040,380465624,381724996,23.57,5.71,448570381,95.4
203,17788,1055438,3223,60323,65512,33542144,168497704,181791178,22.38,5.5,269925424,95.4
204,9042,964748,331,45433,20160,10321920,223145289,212889629,22.39,5.34,270251870,95.5
205,10654,1309664,505,80591,20200,10342400,276766592,236832835,22.23,5.35,348548566,95.5
206,5222,1075642,2752,50337,20872,10686464,206907070,186730657,22.28,5.37,265902872,95.5
207,5327,921768,1447,55255,22616,11579392,181911496,184301748,22.38,5.4,250069699,95.6
208,4437,1239035,1090,78452,22808,11677696,231738789,236587881,22.39,5.37,343809051,95.6
209,6557,876467,770,49545,16832,8617984,174708367,185696879,22.26,5.33,259282777,95.7
210,2282,1041818,460,43605,19472,9969664,182404587,183620701,22.44,5.38,228921311,95.8
211,10510,1383894,8577,103494,20328,10407936,265062168,241114691,22.35,5.38,349935144,95.9
212,5269,891474,271,51889,20432,10461184,221588643,187784772,22.22,5.35,251322367,95.8
213,9929,955077,188,69224,20464,10477568,217994906,187116815,22.21,5.38,270361246,95.9
214,4655,1185116,200,66878,18896,9674752,280447847,246535684,22.13,5.25,316844900,95.8
215,5048,1012772,350,66436,17112,8761344,184184280,168797384,22.16,5.34,256629925,95.8
216,7826,857660,216,43255,69392,35528704,119960955,135915827,21.99,5.27,216309855,95.8
217,4335,1212349,202,50207,21056,10780672,221761035,234054856,21.97,5.32,290901928,95.9
218,4616,1093329,1139,67609,20976,10739712,178983287,186386413,22.31,5.43,250807685,95.9
219,4193,1046113,940,65102,19800,10137600,278585581,240876816,22.05,5.24,313458566,95.9
220,5941,879284,520,35671,17000,8704000,155265957,141082836,22.07,5.28,225090131,95.9
221,12464,1250302,2808,94615,16816,8609792,221400107,239135341,22.36,5.36,318791667,95.9
222,5698,1286273,157,79403,17376,8896512,214769159,220739993,22.03,5.29,322101214,95.9
223,6188,1094821,1556,52249,18008,9220096,155602632,159650931,22.2,5.36,280298122,95.9
224,5632,1005374,592,66093,19008,9732096,174846520,161690752,22.36,5.4,249869551,95.9
225,4489,911973,269,67885,21000,10752000,207146441,202359101,22.12,5.32,278792934,95.8
226,3499,1214933,310,73903,18168,9302016,226479133,220257406,22.16,5.29,296774118,95.7
227,4213,1067502,737,51137,19576,10022912,187240687,158360511,22.25,5.39,236114389,95.7
228,10385,1193282,4567,71399,19360,9912320,247794235,277105354,22.11,5.37,338330349,95.6
229,5489,1058373,245,56455,20456,10473472,210391771,191370876,22.16,5.33,261343765,95.6
230,4595,933905,151,71117,20408,10448896,217012334,183067466,22.14,5.34,274372609,95.6
231,5979,1333343,2765,93371,20048,10264576,274458942,239965287,22.07,5.35,337030568,95.5
232,4947,1073317,840,72622,19152,9805824,161915628,184530383,21.97,5.3,263331194,95.6
233,7166,976396,161,53772,64752,33153024,214301800,182054658,22.21,5.36,265216640,95.6
234,3629,1020849,81,66496,20608,10551296,151556759,171824967,22.16,5.31,253613451,95.6
235,8156,1251429,114,79331,20408,10448896,247948590,244691828,21.99,5.3,323599804,95.6
236,4392,1072973,184,54567,20608,10551296,199043909,202118566,22.22,5.34,263705000,95.6
237,6274,1274443,306,75473,18272,9355264,244245438,221773995,21.98,5.26,299845573,95.5
238,2162,992356,364,62992,19592,10031104,153148601,165046791,22.04,5.28,215978432,95.5
239,2420,901756,520,59337,15384,7876608,176289248,169942270,22.22,5.26,242706890,95.5
240,3910,1259623,918,57821,19112,9785344,223813707,186888989,22.04,5.25,306946440,95.5
241,2459,998574,827,77820,19120,9789440,164289712,172991838,22.23,5.29,275549701,95.5
242,3923,867551,189,62852,18848,9650176,189225152,183285395,22.14,5.3,261736408,95.4
243,3773,1027154,302,51267,17488,8953856,229941372,225619630,22.01,5.24,281476327,95.4
244,13411,1127623,603,53778,15384,7876608,217126172,201042122,22.16,5.37,272688462,95.4
245,4574,925038,710,56325,20704,10600448,131127315,151725563,22.15,5.27,234600083,95.4
246,4136,955258,765,39901,20928,10715136,209045791,191029772,22.03,5.32,244513527,95.3
247,5704,1147901,1003,66971,68376,35008512,283615997,238858817,22.04,5.3,324024559,95.3
248,4246,1188361,591,82782,21352,10932224,171630580,168369076,22.31,5.33,263829341,95.8
249,2418,813919,152,60351,20200,10342400,182953341,156706301,22.01,5.28,228127353,95.8
250,7959,1287159,2569,81412,20392,10440704,246592690,245303217,22.26,5.42,372599828,95.8
251,4500,966387,126,43242,20744,10620928,170129613,158685386,22.31,5.31,264614435,95.8
252,2934,996277,88,74386,20384,10436608,220821421,184632939,22.07,5.29,239452572,95.7
253,4415,1185728,135,49667,20464,10477568,225696099,212276011,22.24,5.33,316601681,95.7
254,3307,903675,275,52782,19984,10231808,162805647,149516922,22.33,5.37,228864797,95.7
255,7953,1309294,236,74591,20800,10649600,246464854,216592880,22.11,5.26,298264393,95.7
256,2297,989806,292,58338,18696,9572352,190932968,176543928,22.27,5.35,231289962,95.7
257,38577,1029692,918,64980,17744,9084928,166211696,140319080,22.05,5.25,209399503,95.7
258,2876,1196617,853,32404,14752,7553024,235900102,214814688,22.1,5.29,279821173,95.7
259,2520,992867,929,41936,18416,9428992,186604787,166050590,22.41,5.3,232248062,95.6
260,9914,1119726,956,70172,19936,10207232,157921329,152577877,22.3,5.3,237584432,95.5
261,2209,1371939,1582,60461,18640,9543680,240319620,228024630,22.3,5.27,290691813,95.5
262,3377,928322,851,66684,18368,9404416,158681602,173044407,22.39,5.3,245125417,95.5
263,2273,844181,436,41563,19680,10076160,174635687,165731565,22.16,5.24,230273505,95.4
264,2904,1260604,422,67156,21992,11259904,223218179,192767430,22.4,5.37,323059371,95.4
265,5774,1074733,251,37149,18976,9715712,207522495,205111771,22.38,5.27,253357064,95.4
266,2874,1153560,903,72790,20040,10260480,232378335,202896008,22.18,5.25,269240751,95.4
267,29502,993378,807,50435,67208,34410496,158419392,166293876,22.44,5.36,250344929,95.4
268,3575,1101123,483,72252,19192,9826304,195726046,196194980,22.34,5.3,265175700,95.4
269,4627,1122579,529,76362,19360,9912320,255770360,241708043,22.31,5.32,317216181,95.4
270,7621,1025550,1271,25622,18088,9261056,204016061,171569308,22.41,5.35,239490857,95.5
271,3443,1098896,383,60193,20824,10661888,233807493,212323346,22.34,5.31,261986753,95.4
272,3718,1111736,187,81360,20544,10518528,279439161,246207313,22.28,5.3,321879754,95.4
273,2913,1063769,144,50596,21112,10809344,203436304,193048296,22.41,5.3,273590766,95.4
274,4938,935000,379,63013,18520,9482240,172681967,155565340,22.41,5.3,235743930,95.4
275,7604,1278068,781,70296,18512,9478144,261890716,237035188,22.34,5.24,350822201,95.4
276,2720,981881,658,36339,19208,9834496,201643265,188336765,22.5,5.32,248468468,95.4
277,19581,1029638,719,59548,71192,36450304,217078979,182289934,22.34,5.32,245202230,95.4
278,3492,1062377,924,53941,21064,10784768,241911623,231623123,22.17,5.27,303833378,95.4
279,3774,1093645,880,57280,20360,10424320,187730578,194189874,22.52,5.35,282217786,95.3
280,2240,929312,108,44148,20304,10395648,209513974,191906795,22.18,5.27,240997964,95.4
281,3284,1206717,735,70154,18176,9306112,219852460,189009488,22.42,5.3,284161157,95.4
282,2870,1037941,235,67467,19048,9752576,190888890,166209437,22.32,5.21,240938917,95.3
283,1947,988990,137,46159,19832,10153984,205702235,177664251,22.34,5.3,241526399,95.3
284,77818,1233569,515,74967,20224,10354688,219612620,243770163,22.45,5.41,340693582,95.3
285,18114,965381,677,44601,21608,11063296,207104309,195065668,22.37,5.34,259387974,95.3
286,2488,1069684,645,57551,18584,9515008,168873342,178608621,22.2,5.24,258410232,95.3
287,3705,1218110,463,41852,19528,9998336,236882352,220815041,22.36,5.37,293570745,95.3
288,2227,931508,807,44899,20608,10551296,202384250,189615475,22.33,5.3,234565512,95.3
289,3555,1124179,210,72298,20784,10641408,260260400,221365165,22.38,5.27,300631435,95.2
290,1571,914570,925,69564,18272,9355264,156888681,170236828,22.51,5.21,248619706,95.3
291,10201,1018960,1003,75648,19064,9760768,189662654,203742368,22.48,5.29,259242717,95.3
292,3730,1100114,225,82705,17296,8855552,259734823,222207156,22.3,5.18,325178565,95.3
293,4668,770739,104,39630,19328,9895936,182885706,164827436,22.47,5.3,211859979,95.3
294,2870,1073321,160,71103,20496,10493952,192226948,191916958,22.47,5.32,269061359,95.3
295,4440,1204700,304,64593,20400,10444800,248096560,220642812,22.37,5.26,312894874,95.2
296,4293,974184,218,70015,19128,9793536,174643889,180938525,22.43,5.31,254264151,95.3
297,5609,1206244,423,80848,19200,9830400,238021536,203204932,22.33,5.28,301313252,95.3
298,3601,907306,302,49693,62200,31846400,157086125,137014097,22.43,5.31,224811330,95.3
299,3924,1032311,745,46955,20048,10264576,177414831,183262858,22.35,5.28,251455296,95.3
300,3012,1302720,1244,44043,20672,10584064,234930592,225580304,22.45,5.27,301357116,95.3
301,3798,1120729,3235,59275,19888,10182656,230806648,209672387,22.61,5.37,288078300,95.3
302,3481,977754,607,61182,21048,10776576,230721796,203217991,22.43,5.24,270299407,95.3
303,3086,1156897,609,42421,17384,8900608,204774000,174069377,22.36,5.22,285297066,95.3
304,3953,889200,324,44588,19992,10235904,205767065,183314605,22.43,5.27,240122482,95.2
305,4305,930828,178,36389,18696,9572352,219496564,199052352,22.44,5.27,248053608,95.3
306,4515,1290548,275,88228,20928,10715136,247780845,239851437,22.47,5.24,335393903,95.3
307,16470,1081385,1083,57702,21096,10801152,222961263,204589869,22.62,5.35,303292370,95.3
308,6236,1031838,125,59032,66776,34189312,196941197,192890258,22.2,5.32,271193192,95.3
309,5317,1240906,129,28341,20344,10416128,217087109,228622629,22.41,5.33,301770752,95.3
310,8209,1024517,110,73254,20584,10539008,199978442,169751793,22.38,5.34,269905498,95.3
311,3410,962243,123,49356,20544,10518528,169688192,163881142,22.29,5.3,229655423,95.3
312,7899,1206342,595,52314,19792,10133504,174649793,164391370,22.38,5.32,277709825,95.3
313,4057,896433,123,49539,20144,10313728,169485913,146355024,22.33,5.28,206701057,95.3
314,4144,1147904,424,87245,20640,10567680,230655942,191312909,22.45,5.29,309432926,95.3
315,2144,868114,201,58571,20184,10334208,134283224,149179830,22.44,5.33,221376517,95.3
316,1935,1041343,483,58010,18992,9723904,210580220,178958678,22.35,5.28,226929535,95.4
317,2834,1210635,885,79241,20256,10371072,222619417,225805506,22.41,5.24,331561026,95.4
318,1541,1002508,897,26216,20256,10371072,169164560,183130157,22.41,5.2,235346994,95.3
319,2929,887640,1233,68230,20680,10588160,206345435,186037499,22.29,5.29,252714245,95.4
320,5151,1226628,2437,87344,20032,10256384,200100372,230704090,22.44,5.31,298400200,95.4
321,3725,1026394,463,60334,19792,10133504,236979811,201667635,22.5,5.32,279993897,95.4
322,4292,907865,844,59945,19608,10039296,197963461,181139882,22.4,5.32,262441372,95.4
323,3607,1225646,380,66879,20744,10620928,222661366,212880712,22.33,5.31,307911160,95.4
324,3647,942411,179,43106,20408,10448896,196835135,197904708,22.29,5.28,253891067,95.4
325,6202,1014256,2069,53758,17744,9084928,191004103,180086664,22.35,5.29,264683514,95.4
326,4550,1202955,239,57157,17744,9084928,227026837,193802505,22.44,5.29,296651765,95.4
327,3433,1137359,738,61612,20176,10330112,211888426,184668065,22.48,5.29,277127911,95.4
328,11062,1034626,895,48867,68336,34988032,185490073,185953649,22.23,5.28,258775426,95.4
329,4384,1199553,667,61929,19688,10080256,258841045,240047617,22.41,5.3,293463080,95.4
330,3942,1076883,264,55925,20144,10313728,210400637,187426206,22.37,5.29,246414922,95.4
331,2904,858258,94,48984,19592,10031104,180779757,167383197,22.36,5.24,214017883,95.4
332,3296,1260611,244,69958,16936,8671232,210160461,195361276,22.34,5.27,283132202,95.4
333,2206,1040352,571,48278,19856,10166272,198423271,169316083,22.27,5.25,229284431,95.4
334,6787,1022425,873,58257,20088,10285056,177562776,190822564,22.42,5.39,265446080,95.4
335,5433,1167396,884,73915,20576,10534912,252376049,207096511,22.44,5.29,303927801,95.3
336,2235,1015015,918,59284,21088,10797056,204116434,184793243,22.49,5.28,228947441,95.3
337,3291,1009208,359,70044,18016,9224192,177647452,158395558,22.45,5.27,252566582,95.3
338,2692,1207272,137,72420,16496,8445952,187060251,197906550,22.25,5.26,302703403,95.3
339,9801,826384,383,32772,63216,32366592,144352739,146273001,22.2,5.22,213685029,95.3
340,5629,1293920,669,87262,18832,9641984,263411731,211789086,22.29,5.27,334493798,95.4
341,6600,1084218,291,63194,19432,9949184,150987588,187373462,22.44,5.41,263464667,95.3
342,6822,1082548,405,52728,20104,10293248,214313638,178789424,22.33,5.34,257267624,95.3
343,4561,1231566,988,49788,20032,10256384,243896932,226021972,22.31,5.37,287222240,95.3
344,2485,972181,516,29467,18224,9330688,110094282,136755062,22.23,5.21,200876677,95.3
345,3407,866231,281,81071,18056,9244672,197541936,178215624,22.35,5.27,248184685,95.3
346,4239,1323075,153,80822,19472,9969664,277728817,238063117,22.39,5.27,315783917,95.3
347,2690,964508,112,56602,12904,6606848,197196278,166085006,22.24,5.21,237733942,95.4
348,2007,859530,155,37560,13008,6660096,157477337,142618475,22.08,5.09,214499242,95.4
349,8464,1284705,1038,69729,16584,8491008,263902119,234375305,22.57,5.35,310810664,95.3
350,5529,1014661,529,51460,20640,10567680,227760854,195573683,22.37,5.33,270858109,95.3
351,4312,1133636,492,49713,18584,9515008,183861828,153304430,22.15,5.23,221109592,95.3
352,3743,1120874,910,96903,19360,9912320,269458257,213083444,22.49,5.31,321565558,95.3
353,1159,814764,709,32821,17816,9121792,221243394,193008902,22.37,5.23,235486018,95.3
354,7832,947240,934,54027,20384,10436608,228687512,207129454,22.35,5.27,272323186,95.3
355,3609,1161062,1020,89058,20192,10338304,235070770,212572382,22.49,5.28,303290270,95.3
356,1961,1015296,371,70915,20832,10665984,221573021,183762741,22.22,5.18,240354064,95.3
357,2024,933370,209,34508,18016,9224192,170273500,160065313,22.32,5.28,234124900,95.3
358,5768,1079277,457,74660,19448,9957376,181200173,195043332,22.39,5.28,295709784,95.3
359,4689,888901,853,41492,59392,30408704,220622818,188955868,22.29,5.24,243653173,95.3
360,2279,1028537,671,60621,19824,10149888,234216831,193553863,22.47,5.23,270276208,95.3
361,5584,1098137,285,89578,19528,9998336,215097371,192896687,22.3,5.33,309145229,95.3
362,2386,1002949,380,64904,20216,10350592,204078593,204619081,22.26,5.23,273584362,95.3
363,3952,1132887,180,61030,17400,8908800,239173720,203865804,22.3,5.25,305399937,95.2
364,2348,1009482,695,55658,19320,9891840,181120110,164534841,22.31,5.24,235467832,95.2
365,3283,937229,313,67247,17800,9113600,233200070,196491500,22.29,5.25,262868382,95.2
366,3532,1193811,465,52981,20088,10285056,228324741,202083741,22.39,5.3,305359504,95.2
367,2191,927658,74,70917,21784,11153408,194256959,176831603,22.26,5.3,254670049,95.3
368,2152,936064,369,69795,19432,9949184,185362308,179120653,22.29,5.24,237115588,95.3
369,14631,1368342,917,87918,70920,36311040,307433090,266236366,22.4,5.38,344304747,95.2
370,8726,827617,101,64859,19264,9863168,157270879,179164722,22.29,5.24,259410757,95.2
371,3281,1131296,115,39731,21000,10752000,236710638,212670069,22.37,5.29,281541077,95.2
372,2807,1072051,378,73171,19744,10108928,177422539,180798454,22.44,5.28,273195731,95.2
373,4762,1126922,365,56257,20528,10510336,201871787,192254351,22.41,5.27,262225571,95.3
374,2740,946988,562,66079,19208,9834496,197938105,206785039,22.45,5.24,267854211,95.2
375,3150,1055927,494,59847,19464,9965568,201071986,193271173,22.41,5.28,269198619,95.2
376,9669,1404997,1501,78395,19208,9834496,277792509,253193129,22.48,5.31,338024731,95.3
377,38366,995249,1209,61055,20624,10559488,177704051,211866896,22.26,5.33,271418821,95.2
378,3481,931041,495,59633,21352,10932224,163207360,197888042,22.45,5.33,264772450,95.2
379,3529,1109351,588,51509,19136,9797632,218094519,211527869,22.32,5.23,310150174,95.2
380,3814,878543,919,55863,19880,10178560,188460337,168825383,22.31,5.22,231191318,95.2
381,2002,1120247,758,53893,17856,9142272,210541405,177880222,22.46,5.29,270583775,95.2
382,2429,958303,718,57033,18640,9543680,225477692,190159162,22.35,5.25,254269255,95.2
383,1679,930722,557,78640,19528,9998336,190524213,179132710,22.32,5.28,267111860,95.2
384,5655,1175219,477,86619,20888,10694656,278411863,231793130,22.57,5.3,336186517,95.2
385,8801,1102922,399,81265,20920,10711040,224103778,208167684,22.33,5.28,280065929,95.2
386,2888,999260,1387,31294,17768,9097216,159640002,171605078,22.38,5.34,232893331,95.2
387,8755,1203917,3527,96192,20312,10399744,258755806,255666929,22.37,5.36,323363150,95.2
388,2435,1239274,954,57764,20416,10452992,266648384,232698874,22.34,5.24,303492636,95.3
389,3400,851987,753,74550,19312,9887744,228362694,187411564,22.19,5.26,242242409,95.2
390,5038,959860,611,58798,62528,32014336,190469751,192563811,22.3,5.25,257833505,95.2
391,2283,1090559,784,78317,19256,9859072,240360742,228366678,22.29,5.28,329277625,95.2
392,1592,976747,839,59765,20648,10571776,186384286,187030056,22.27,5.26,270864147,95.2
393,2599,1035442,120,69021,19864,10170368,196001871,204791116,22.39,5.26,272602090,95.2
394,2600,963904,170,91077,19464,9965568,262763388,241188796,22.26,5.23,299850988,95.2
395,3069,1026049,224,58820,19936,10207232,202509691,210315743,22.34,5.2,272194716,95.2
396,2618,893763,351,65496,17776,9101312,190559516,167531155,22.26,5.26,230930896,95.3
397,5200,1273100,552,59765,18640,9543680,191893728,167212745,22.23,5.25,282424195,95.2
398,2058,991320,379,60482,20320,10403840,181979882,197055333,22.34,5.25,266127098,95.2
399,4610,1225219,704,88391,19584,10027008,228715766,204262423,22.44,5.34,330094817,95.2
400,3117,896311,246,53067,70288,35987456,179125344,190721188,22.26,5.29,252831297,95.2
401,3414,937434,265,68560,19936,10207232,128041438,164652251,22.29,5.29,223860835,95.2
402,17292,1136525,323,85152,18000,9216000,275036516,262634165,22.36,5.27,333525386,95.2
403,5975,1042597,88,35675,17800,9113600,200094038,189558430,22.35,5.34,258078025,95.2
404,2682,969848,138,50794,20384,10436608,197314112,197407693,22.17,5.31,268310623,95.2
405,3622,978699,52,74895,20344,10416128,176917043,192010146,22.31,5.26,280351232,95.2
406,4559,1281099,3289,77495,16808,8605696,254853711,215068488,22.06,5.29,307921467,95.2
407,299741,3031077,28806,206023,18312,9375744,711688933,870672238,33.84,6.3,782882751,95.2
408,56349,2641938,7037,156114,16800,8601600,2159120995,2859171352,39.98,6.29,2191195277,95.2
409,59998,2705670,11713,148520,17624,9023488,909558282,1118211529,25.04,5.51,984266710,95.2
410,6686,1008599,1877,66861,19288,9875456,206004321,195229708,22.28,5.35,255747324,95.1
411,3865,1053124,370,54765,18208,9322496,228396252,203321521,22.41,5.34,250909958,95.1
412,4738,1154901,611,76937,18040,9236480,182617740,178295888,22.15,5.29,308725548,95.2
413,3474,928872,210,25223,12328,6311936,174555976,170134718,22.19,5.21,233135018,95.1
414,55891,1262174,2036,84240,18536,9490432,211477874,219206863,22.31,5.4,298080054,95.1
415,14414,1138002,1360,55327,18960,9707520,216539200,199315382,22.25,5.29,260034155,95.2
416,9191,972590,445,40648,17816,9121792,174591477,162345363,22.31,5.28,243874930,95.2
417,7887,1169800,1017,55397,19360,9912320,258026242,211184905,22.11,5.32,292278056,95.2
418,2359,1020106,658,46228,20040,10260480,200057250,184374703,22.13,5.27,233550083,95.2
419,2779,963881,344,43252,19240,9850880,165914629,186789246,22.45,5.33,241167470,95.2
420,6981,1298916,429,61507,18056,9244672,213857182,209151271,22.19,5.24,296820549,95.2
421,2975,1022457,301,33445,62808,32157696,200939593,188220891,22.01,5.23,246220315,95.2
422,3036,958828,506,78500,17328,8871936,204721603,162128599,22.3,5.28,244389722,95.2
423,3874,1007765,366,38464,20048,10264576,184764935,198413948,22.17,5.27,251465659,95.3
424,3301,1014471,833,47511,19040,9748480,218138976,202183232,22.12,5.27,256221437,95.3
425,3877,1150858,572,61449,19984,10231808,251433511,226524631,22.24,5.2,297115870,95.2
426,1768,919259,988,68939,17592,9007104,141732771,134523348,22.07,5.24,213271792,95.2
427,4386,860759,837,58224,17432,8925184,169094897,174631701,22.15,5.23,228825317,95.2
428,2383,1018825,986,76390,16456,8425472,235725194,197574334,22.05,5.23,270667411,95.2
429,2819,904552,654,59725,17488,8953856,198209992,181344446,22.25,5.24,243848508,95.2
430,4336,841646,376,49340,20504,10498048,178553312,147613644,22.3,5.35,213052655,95.2
431,8015,1352303,481,79691,66280,33935360,210761825,243551360,22.31,5.34,325728650,95.2
432,32888,1061486,758,42317,18632,9539584,211598533,188035930,22.13,5.27,265024196,95.3
433,3071,897332,970,59980,18400,9420800,151227704,133678037,22.33,5.23,231528712,95.3
434,3316,1164092,1036,86124,16912,8658944,201512383,195341704,22.17,5.22,316276234,95.3
435,2339,798723,437,63226,16752,8577024,193137587,187208994,22.27,5.3,257203550,95.3
436,2827,981937,308,64126,19256,9859072,183165518,151196321,22.27,5.27,214173193,95.2
437,2127,1017238,238,68140,17352,8884224,227106931,201775278,22.26,5.24,282546342,95.2
438,4484,1005971,298,61386,19832,10153984,224144618,194243420,22.22,5.3,268753278,95.2
439,2758,1047266,187,51467,19584,10027008,201284250,185363265,22.29,5.27,259239338,95.2
440,4066,1249292,211,83862,20696,10596352,261718833,225912544,22.17,5.22,332579287,95.1
441,5016,815911,149,72818,18872,9662464,199394486,160935567,22.11,5.31,266677717,95.2
442,4716,1074955,336,51581,18928,9691136,196535639,174893949,22.27,5.28,264215535,95.1
443,3402,1150867,716,53295,17280,8847360,244639552,184734904,22.14,5.23,290648636,95.1
444,2328,881096,651,44189,18376,9408512,155534418,148478175,22.08,5.29,227471629,95.1
445,3268,960613,753,53847,19688,10080256,196613660,185254569,22.16,5.3,248562475,95.1
446,3555,1064192,859,73874,20536,10514432,204003141,205468070,22.11,5.3,307097041,95.1
447,1921,957482,576,60811,19584,10027008,168311005,182220171,22.13,5.2,234340921,95.1
448,11089,951839,1698,73812,15704,8040448,204159081,187881377,21.99,5.19,271349463,95.1
449,5866,948991,437,44900,16904,8654848,182598201,172618066,22.11,5.23,218317019,95.2
450,2660,948229,522,46974,14896,7626752,166268406,172571127,22.13,5.23,227652185,95.2
451,7675,1236771,387,42403,61136,31301632,169952973,212385478,22.01,5.3,297644093,95.1
452,3026,936019,242,52784,20360,10424320,176333168,161341243,22.21,5.33,264975939,95.2
453,3363,1062436,283,74168,19840,10158080,218668332,198917336,22.12,5.25,303690481,114.3
454,2071,879174,754,65556,16280,8335360,197719000,153367113,22.15,5.25,227528999,131.0
455,3012,958453,719,56444,19504,9986048,199448685,162578217,23.31,5.44,255402742,106.9
456,11465,2994644,386,291158,15684,8030208,569729741,855627267,23.51,5.31,642026047,95.8
457,4378,1256920,580,69164,21088,10797056,298817361,262335648,22.31,5.27,339828948,95.7
458,2979,927164,390,42538,21088,10797056,222133242,188073290,22.34,5.32,255633145,95.7
459,3974,1077117,302,65302,18688,9568256,182450785,154060519,22.16,5.24,233782440,95.6
460,3488,1201959,647,63542,18912,9682944,223834504,197937924,22.11,5.27,296264621,95.6
461,6889,872261,508,70773,18400,9420800,204734911,176336819,22.23,5.28,236971308,95.6
462,3668,1013413,118,59947,67136,34373632,191400158,179386538,22.17,5.31,259775477,95.6
463,3947,1172779,337,50600,20256,10371072,216909987,206695583,22.08,5.27,297366841,95.6
464,12298,990177,131,56356,20472,10481664,179555077,165817965,22.34,5.31,224692547,95.7
465,4049,1119166,209,69120,20200,10342400,231588310,244942368,22.18,5.28,332282774,95.7
466,1610,953120,91,31413,19056,9756672,120039958,164464805,22.1,5.18,238993870,95.7
467,2807,981612,216,62216,16800,8601600,195744088,198460791,22.21,5.27,254599733,95.7
468,2501,1250918,822,54761,20264,10375168,193299934,195461224,22.06,5.23,285472970,95.7
469,6236,995625,728,28937,20464,10477568,200968895,209039013,22.31,5.3,257478886,95.6
470,6174,1260614,895,66767,20032,10256384,209706019,181727042,22.24,5.28,302346145,95.7
471,2806,1056509,323,42829,19648,10059776,209060270,199958611,22.24,5.31,251783271,95.7
472,6107,864398,255,53693,19672,10072064,157583515,162846311,22.32,5.25,235678456,95.6
473,4974,1226770,781,69275,18368,9404416,259612942,224418236,22.23,5.25,282384109,95.6
474,2805,985830,1013,61156,20096,10289152,186532864,164165266,22.35,5.3,235492837,95.6
475,2707,1027288,768,68770,20144,10313728,221494198,198664999,22.5,5.24,274584382,95.6
476,7732,1321848,5737,77638,17392,8904704,262760132,257175833,22.3,5.34,326677427,95.6
477,2046,976897,987,55149,17872,9150464,211614067,197877913,22.27,5.28,245013177,95.7
478,1759,775646,332,48043,16696,8548352,150502522,144969528,22.3,5.25,224251400,95.7
479,2928,1098223,508,63713,16960,8683520,249491974,241999056,22.25,5.24,286351132,95.7
480,17160,766116,614,46914,5688,2912256,159215145,130284722,22.66,5.24,199274755,95.7
481,122207,1287260,13993,90741,0,0,278253954,272394386,22.19,5.22,321003665,95.7
482,20803,1396709,2211,66587,40856,20918272,312912683,254459408,22.08,5.07,338621695,95.6
483,4900,734939,189,39170,0,0,151639328,131445431,22.26,5.19,192590968,95.5
484,10424,1232549,728,54353,16760,8581120,215686334,190479292,22.38,5.39,286745246,95.5
485,7940,953000,889,71409,20096,10289152,157131221,175880385,23.07,5.57,232866561,95.5
486,144040,1631034,3374,104069,20528,10510336,304223960,280984896,22.62,5.53,362860177,95.4
487,14766,1810078,740,84619,20872,10686464,188426488,247077990,22.39,5.4,338987135,95.4
488,3300,826036,817,43857,23032,11792384,119664100,116839524,22.28,5.35,203299554,95.4
489,6198,962910,793,47391,20456,10473472,174198779,166996759,22.37,5.43,238497356,95.4
490,3605,1268138,1163,85141,25544,13078528,271364977,262812297,22.33,5.35,338567322,95.3
491,2352,1227528,879,82105,23192,11874304,254462365,231817328,22.36,5.35,293817701,95.3
492,5629,934212,751,65947,69104,35381248,180470178,158793299,22.26,5.33,245155725,95.3
493,3393,1313304,1114,69908,22864,11706368,245007775,217894894,22.38,5.36,328217799,95.3
494,2914,1032395,453,46973,20072,10276864,221386691,199908824,22.5,5.3,270517714,95.2
495,3717,1081531,315,57266,20408,10448896,245490875,210873633,22.52,5.3,272707082,95.2
496,15106,1177106,250,78348,19800,10137600,305412551,245880774,22.37,5.27,346992069,95.2
497,9821,1044404,1026,62303,20200,10342400,213097954,200629179,22.41,5.39,283326135,95.2
498,6769,873462,195,71110,20184,10334208,161366243,163931412,22.51,5.36,242974390,95.2
499,4125,1208158,874,73103,19600,10035200,243323770,211139153,22.27,5.22,297398613,95.1
500,4160,939902,797,61751,19400,9932800,127757136,152961802,22.41,5.28,223082388,95.1
501,2369,912193,588,65204,18112,9273344,148803672,149930009,22.37,5.26,248230627,95.2
502,4605,1237246,733,78549,20408,10448896,255621307,218168858,22.44,5.37,327512347,95.7
503,134737,1919752,9491,96800,21840,11182080,322909129,315303331,23.53,5.59,441151500,95.7
504,15003,947880,759,73274,20120,10301440,236075557,218678404,22.4,5.38,270643274,95.7
505,9109,1162095,467,38427,17848,9138176,242640309,222158224,22.19,5.29,283115719,95.6
506,9089,953812,3362,35700,16840,8622080,198901224,196054784,22.53,5.29,231837672,95.6
507,3731,980331,316,55503,15872,8126464,220276966,185455639,22.41,5.21,240622386,95.5
508,5475,1234825,299,69023,23912,12242944,212421173,245418801,22.63,5.31,313504680,95.5
509,2218,979967,406,58923,16224,8306688,226596641,188901808,22.49,5.21,268898879,95.5
510,23615,914327,644,53747,12448,6373376,208894450,177087829,22.31,5.16,227361336,95.4
511,3242,1211682,374,88085,14280,7311360,242990926,207649821,22.43,5.27,306673751,95.4
512,3238,945254,745,60986,20456,10473472,218246268,199427019,22.6,5.28,263629700,95.3
513,10429,904738,776,40888,64096,32817152,126748047,150598580,22.26,5.3,231361020,95.3
514,4283,1212964,502,89514,18016,9224192,290390893,241636196,22.43,5.27,309379765,95.2
515,4085,910482,412,58315,16472,8433664,161808702,167050142,22.35,5.22,233982091,95.2
516,3105,1274725,634,66028,17752,9089024,199704359,179798744,22.28,5.25,286772902,95.2
517,1562,924277,851,48840,17960,9195520,162391772,168667300,22.44,5.22,242632969,95.2
518,1785,982726,1382,70629,20296,10391552,179276854,171787568,22.51,5.34,255058703,95.2
519,2301,1162207,1026,50000,20640,10567680,223042152,205851635,22.46,5.26,291760098,95.3
520,2897,1195378,803,84071,17496,8957952,264881038,252368549,22.38,5.24,332396439,95.4
521,2105,908838,234,51806,20456,10473472,163470278,182107470,22.39,5.27,245798827,95.4
522,3009,1134802,350,61841,20096,10289152,197514419,200579059,22.24,5.27,314741565,95.5
523,4341,873986,158,63977,69600,35635200,196136564,176857701,22.48,5.28,240489086,95.5
524,4842,885495,192,49080,18424,9433088,188303259,164656391,22.39,5.22,239276601,95.5
525,4034,1194466,226,44319,17808,9117696,244584307,228127692,22.39,5.21,318777591,95.5
526,2660,972030,146,51075,18480,9461760,158822150,176629441,22.46,5.3,243580746,95.4
527,3138,1034246,256,52129,19376,9920512,210967755,188654485,22.32,5.24,266764518,95.4
528,3802,1144553,227,62006,19216,9838592,197404783,172474303,22.26,5.24,290243384,95.2
529,2218,1004355,219,59726,19376,9920512,157075750,154582160,22.33,5.31,248139308,95.0
530,3303,967454,226,54410,19928,10203136,138438346,130854046,22.26,5.27,240040959,95.2
531,3030,1090289,679,71694,20352,10420224,200762368,192648040,22.33,5.34,296278000,95.4
532,3702,1000014,487,56651,19032,9744384,201823515,201135937,22.3,5.21,250883351,95.6
533,2581,1243763,324,63253,17432,8925184,241207514,227930580,22.27,5.25,302405286,95.6
534,1808,1034179,280,59168,18328,9383936,186928975,165622777,22.44,5.21,225982957,95.6
535,3360,1070239,395,51661,17120,8765440,226966363,200293531,22.4,5.25,259677652,95.5
536,5219,966184,1091,48414,18584,9515008,166342505,160554137,22.32,5.24,225545821,95.5
537,7505,1225406,227,64159,18120,9277440,233542946,224374232,22.33,5.33,301302689,95.4
538,3695,990259,192,40679,18216,9326592,150421527,159335203,22.07,5.27,236323272,95.3
539,3111,1208896,181,50345,17960,9195520,238353775,218906052,22.33,5.21,284516075,95.3
540,1607,992150,275,51919,17904,9166848,155980213,132541587,22.31,5.2,198486585,95.4
541,1987,975625,887,25654,17136,8773632,178647485,161942096,22.34,5.28,212854059,95.4
542,7396,1263894,1099,106265,19728,10100736,236506413,241660693,22.49,5.36,342695927,95.5
543,8253,1009924,377,57275,62976,32243712,148180536,148457703,22.47,5.39,253516274,95.5
544,5466,1060881,170,65461,19536,10002432,166074767,164403326,22.33,5.34,240331277,95.6
545,58090,1179286,1099,66608,17352,8884224,249180358,248002819,22.25,5.31,309602768,95.5
546,3560,874435,54,26996,18112,9273344,123997420,111162522,22.2,5.28,185067043,95.5
547,7675,1364546,4397,78832,17688,9056256,259760162,246174491,22.24,5.27,306585890,95.5
548,2434,760029,218,58791,18168,9302016,129991512,126802606,21.98,5.23,201803740,95.5
549,3075,850914,141,45993,20040,10260480,142663942,120364533,22.05,5.3,180912586,96.0
550,2774,1027485,409,71241,19072,9764864,214457782,225254039,22.13,5.28,293455760,96.0
551,2444,908725,693,50554,18576,9510912,187120322,170402445,22.08,5.19,209101786,95.9
552,3175,1081835,603,47896,17392,8904704,216286112,210976301,22.05,5.2,262905609,95.9
553,1908,888845,270,63258,19112,9785344,187514266,168133224,22.12,5.22,214804731,95.9
554,4891,949991,1026,74551,65560,33566720,153917886,171941483,22.07,5.25,240714889,95.8
555,5206,1068308,393,78405,18272,9355264,161008151,181023576,22.15,5.25,302944825,95.8
556,2001,1037760,149,50013,17112,8761344,210809601,188261598,22.01,5.18,262870194,95.8
557,2728,1082745,250,40609,18432,9437184,191931481,179376764,22.16,5.23,240612743,95.8
558,1813,949140,260,42421,17376,8896512,193565138,165601259,22.08,5.25,231623323,95.8
559,14379,1101226,4127,78697,16664,8531968,194274089,168650408,22.27,5.27,253229402,95.7
560,4663,1330480,238,68101,16176,8282112,230200232,199104859,22.24,5.27,320661306,95.6
561,3312,890934,108,51488,15784,8081408,186618980,158504447,22.07,5.22,232862418,95.6
562,3576,1164138,157,55796,15648,8011776,221286225,193789498,21.98,5.22,278122552,95.5
563,2624,845241,82,43600,15952,8167424,143805979,166166925,22.12,5.21,222709013,95.4
564,2986,875913,95,44985,15816,8097792,137571812,141931777,21.99,5.15,210135630,95.4
565,4081,1104031,609,52320,11504,5890048,167236704,162388906,22.24,5.21,258889970,95.4
566,8296,962279,1202,49014,14864,7610368,134396470,145073167,22.14,5.22,239645786,95.3
567,3482,1144336,895,65082,18888,9670656,196546230,195077352,22.23,5.26,288030844,95.3
568,1768,893506,857,67041,18008,9220096,172842351,159350116,22.18,5.29,213308109,95.2
569,2896,891444,651,42218,18632,9539584,173508472,165511746,22.25,5.2,240444471,95.3
570,2018,1164780,803,64056,18056,9244672,239353218,194795551,22.28,5.25,288779505,95.2
571,2083,884884,897,58438,18192,9314304,212840486,185980069,22.17,5.23,235007544,95.2
572,2814,849591,915,45929,17488,8953856,194831243,155801495,22.21,5.23,223287157,95.2
573,2998,1290488,317,78083,17752,9089024,277016681,240172732,22.28,5.27,329881124,95.1
574,6183,884475,256,49712,56880,29122560,228368970,183298501,22.32,5.31,251261335,95.1
575,8269,918560,228,79088,18016,9224192,213888809,168087058,22.14,5.19,231286879,95.1
576,3716,1308155,508,95261,17520,8970240,248301473,249899169,22.35,5.25,332170515,95.1
577,2119,920699,648,50559,16968,8687616,183392710,150070433,22.23,5.25,208027374,95.1
578,1386,998076,1017,35836,17536,8978432,199389686,182847441,22.25,5.24,252725609,95.1
579,2373,1290551,246,64912,18136,9285632,242263682,228252334,22.28,5.26,322847097,95.1
580,1505,862236,333,61464,18728,9588736,181907790,165671959,22.18,5.2,236641536,95.1
581,1860,987680,181,58665,17560,8990720,219493013,181511723,22.17,5.23,257818553,95.1
582,2412,1141659,419,80876,17904,9166848,191352149,179817411,22.28,5.22,286382240,95.1
583,1550,1003556,771,67742,19480,9973760,194043620,171968393,22.18,5.35,243376522,95.1
584,4632,892991,618,63918,65728,33652736,209319801,183705710,22.27,5.31,251106801,95.1
585,5168,1293967,971,77645,19472,9969664,225682386,196260522,22.3,5.28,338768185,95.0
586,2563,792116,231,57938,17928,9179136,203411786,165268861,22.15,5.24,226922671,95.1
587,28453,996252,619,58754,18704,9576448,151037490,161727958,22.34,5.34,224395769,95.0
588,10994,1165281,208,71079,19096,9777152,262661155,236686621,22.5,5.34,327014982,95.1
589,3607,1069670,180,40459,19472,9969664,214281447,199936996,22.29,5.3,275185875,95.2
590,2586,1036282,913,51493,22032,11280384,235843278,202271164,22.28,5.23,268192630,95.2
591,4281,1229397,444,70107,18224,9330688,249365874,226541830,22.31,5.26,310395392,95.2
592,2394,1010231,95,77629,17560,8990720,213589705,184495404,22.1,5.18,263287601,95.2
593,1662,781269,158,51606,16920,8663040,201861440,180457013,22.07,5.14,228372821,95.2
594,3777,1069575,304,66029,16856,8630272,189653409,181864861,22.4,5.23,252949107,95.1
595,2982,969052,908,83382,18056,9244672,234720488,198726889,22.25,5.2,280602867,95.1
596,4353,839081,286,65908,17256,8835072,181981695,160517549,22.24,5.26,240284637,95.1
597,5483,1051773,225,94225,17656,9039872,194968473,220704926,22.44,5.25,306008720,95.1
598,2377,1006779,144,44056,18688,9568256,221383042,203567990,22.24,5.19,258732604,95.1
599,1772,867982,237,60783,17488,8953856,189906769,154971714,22.23,5.22,240160437,95.1
600,2284,1139678,472,70324,17552,8986624,226932202,218456891,22.27,5.14,282888334,95.1
601,1690,1026085,277,63097,16984,8695808,198498356,174931973,22.09,5.26,237584474,95.2
602,2345,822496,357,65167,17504,8962048,204603373,158892730,22.29,5.22,229233985,95.2
603,2470,1202329,1026,55765,17272,8843264,278803656,245071176,22.57,5.31,322930141,95.2
604,3654,928754,830,67118,16448,8421376,206072692,190063801,22.28,5.26,270690186,95.2
605,6447,1047587,629,54805,61648,31563776,212087388,188419167,22.24,5.25,269183817,95.2
606,7114,1230193,779,87495,17136,8773632,255701591,236184910,22.39,5.22,308743891,95.2
607,2285,1079186,782,63360,18200,9318400,216619438,190898525,22.19,5.19,262009666,95.3
608,1284,818197,377,63355,17536,8978432,160804126,167842008,22.12,5.23,230126175,95.2
609,2742,1125782,231,80950,17952,9191424,212854447,218278318,22.48,5.23,319834897,95.3
610,2576,978446,337,66704,17552,8986624,214234630,197379839,22.23,5.19,254501234,95.2
611,1937,977902,626,53998,17352,8884224,176986882,178817722,22.26,5.25,243600059,95.2
612,9603,1061411,3973,89241,17544,8982528,263328993,228514970,22.43,5.29,299429026,95.2
613,2552,855290,104,53824,20464,10477568,196308373,187772882,22.21,5.28,246655465,95.2
614,2968,874160,71,40858,20256,10371072,196258998,175152582,22.31,5.27,228821808,95.3
615,7611,1168515,132,66056,65776,33677312,265653209,223413755,22.5,5.28,332100302,95.3
616,2540,1076439,189,50085,19936,10207232,220416494,199187301,22.15,5.25,276248346,95.3
617,36930,964196,412,67256,16712,8556544,189116945,178021608,22.28,5.33,266886955,95.3
618,6048,1311375,295,44986,20144,10313728,228058317,219244866,22.34,5.31,318141649,95.3
619,9524,1070228,346,59689,18904,9678848,227874490,202366354,22.37,5.41,270423532,95.3
620,5131,924862,384,64371,19960,10219520,179617029,157877784,22.36,5.24,258395028,95.3
621,2125,1247262,449,47443,19040,9748480,234454770,225476407,22.31,5.32,304795690,95.3
622,4914,980509,202,58386,18776,9613312,243070303,211423415,22.33,5.28,275581306,95.3
623,1924,931508,165,55091,19208,9834496,203614370,177335308,22.28,5.28,258151731,95.3
624,4996,1269911,622,69470,18976,9715712,240099021,225497462,22.37,5.32,337569351,95.3
625,6229,1090962,437,71940,19896,10186752,231622308,201464874,22.14,5.3,286485295,95.3
626,3724,940863,149,54891,18640,9543680,180762494,173223182,22.31,5.3,236211379,95.3
627,3128,1183184,261,34379,19792,10133504,244408092,227327657,22.23,5.19,291368131,95.3
628,2154,938548,326,45153,17088,8749056,203627393,204615534,22.16,5.25,251511589,95.2
629,2462,917211,247,51177,19248,9854976,206504034,188985411,22.38,5.29,235233713,95.2
630,3324,1281778,552,76681,18336,9388032,255815598,237661177,22.36,5.23,328195053,95.2
631,4231,1004530,298,62684,16920,8663040,174568027,182228055,22.29,5.24,236701875,95.2
632,2989,1060778,173,71372,18848,9650176,214762077,205738119,22.24,5.21,268810554,95.1
633,2521,981547,160,62751,17256,8835072,230586580,198179921,22.45,5.23,261871952,95.1
634,2892,1219959,143,55698,17592,9007104,180867939,187229977,22.12,5.19,284962200,95.1
635,2795,847234,387,70411,17328,8871936,193734598,183319099,22.27,5.24,246227795,95.2
636,9746,1253219,1082,81158,59600,30515200,220809600,210719587,22.37,5.25,298594496,95.2
637,2650,1085633,694,57956,18056,9244672,218802536,183996306,22.29,5.27,238291183,95.2
638,2519,947748,569,72420,17888,9158656,178342007,168130498,22.36,5.22,245191183,95.2
639,2846,952121,184,77681,18008,9220096,186196436,199447227,22.36,5.24,258500166,95.2
640,4463,1062400,273,61281,18264,9351168,249890284,203811204,22.21,5.21,279806680,95.2
641,2679,796521,126,46573,17488,8953856,178288723,176115726,22.31,5.22,234840993,95.2
642,4123,1151939,338,63275,18632,9539584,247484457,245249634,22.28,5.28,307472043,95.2
643,5810,990965,364,77111,17240,8826880,208825608,170627877,22.19,5.24,238295156,95.3
644,2025,901604,469,66505,17016,8712192,196839569,163611841,22.4,5.28,248586806,95.3
645,3656,1063056,89,81639,18064,9248768,196925982,192449118,22.16,5.25,271584181,95.3
646,3055,853985,234,27459,71880,36802560,176442933,169620969,22.32,5.24,228616136,95.3
647,3007,1135766,182,70244,18616,9531392,216954043,210120834,22.3,5.22,306542154,95.3
648,2149,956002,415,27008,17784,9105408,171717420,180507140,22.07,5.21,226626911,95.3
649,1794,894262,694,37033,18112,9273344,145992587,159246297,22.21,5.27,216721802,95.3
650,2469,1175226,554,58132,16800,8601600,253846319,235400938,22.11,5.24,302728067,95.3
651,1717,892663,183,49678,17544,8982528,163917695,141608738,22.15,5.25,239133387,95.4
652,6915,1014424,361,47046,17440,8929280,174142014,179081385,22.2,5.24,230904895,95.4
653,4204,1167005,1331,53589,18176,9306112,222475814,209704693,22.05,5.25,282121193,95.4
654,4467,950663,270,54411,18056,9244672,185300388,159758688,22.27,5.3,223787175,95.4
655,4780,1333043,250,76999,18008,9220096,251251750,242855333,22.29,5.25,331423053,95.3
656,2466,991353,193,53600,17304,8859648,191052987,178723541,22.1,5.2,233117420,95.3
657,2114,1002570,421,49822,18368,9404416,180364446,177269148,22.2,5.26,243309698,95.3
658,2556,1177042,814,49695,15760,8069120,173443218,195895588,22.04,5.18,255315189,95.3
659,1529,975508,350,70442,18328,9383936,174426603,151099688,22.18,5.26,201044822,95.2
660,2025,984207,494,72632,20320,10403840,196969414,180767724,22.12,5.19,267254096,95.1
661,1529,1018886,307,70733,17864,9146368,162362713,205293139,21.98,5.24,267656700,95.1
662,2445,870630,288,50193,20768,10633216,196781306,165905634,22.08,5.21,240941063,95.1
663,1935,1058873,369,65684,18384,9412608,187889511,177846908,22.1,5.21,290931717,95.1
664,2024,1043626,422,48933,19528,9998336,215923949,206001465,22.19,5.23,273315479,95.1
665,3822,1039517,1062,81221,17976,9203712,193147020,212204523,22.24,5.32,280347683,95.2
666,2846,978894,928,73309,60408,30928896,225138787,176993851,22.2,5.25,266031297,95.1
667,2522,1211935,816,67995,18328,9383936,220634053,214703205,22.13,5.3,268391291,95.1
668,2109,1033439,788,58513,20352,10420224,210544372,171288137,22.18,5.21,274024241,95.2
669,2772,934224,655,71846,18992,9723904,221188620,199540579,22.15,5.25,249039139,95.1
670,2300,1264543,874,58588,18376,9408512,214688737,215678246,21.99,5.22,295199210,95.1
671,1955,901292,694,33739,19320,9891840,144465319,159306786,22.23,5.27,229852972,95.2
672,3863,1128059,146,88148,17800,9113600,288503587,239160719,22.2,5.23,321031548,95.1
673,1785,1030824,65,38443,19984,10231808,125592390,178078136,22.16,5.28,258608503,95.1
674,2689,1007723,122,66430,19832,10153984,182089616,184367569,22.4,5.43,251261055,95.1
675,47195,1526372,5133,64838,19264,9863168,243583734,272252441,22.14,5.29,323916324,95.1
676,6859,931318,754,46429,18104,9269248,157355826,166145059,22.01,5.29,237715835,95.1
677,2760,856489,377,61889,65848,33714176,206065159,187731787,22.3,5.35,231541450,95.2
678,2791,1242310,189,72507,19704,10088448,207302615,206580295,22.09,5.2,285417426,95.2
679,3296,903869,430,60059,18296,9367552,181329134,161199307,22.21,5.28,241867360,95.2
680,1525,990471,697,60485,19272,9867264,176147233,170450801,22.2,5.2,242759726,95.2
681,2173,1220256,377,38569,19000,9728000,261290432,231962803,21.96,5.29,307358203,95.3
682,3946,898807,288,67644,18696,9572352,193245511,174635335,22.22,5.3,237841264,95.2
683,2978,1320388,818,67104,19472,9969664,252813163,200835007,22.19,5.28,294391534,95.3
684,7634,1033884,687,67639,18560,9502720,206764366,154570830,22.17,5.21,238907917,95.3
685,2419,1021458,744,61104,19720,10096640,168635142,176347305,22.26,5.24,256427751,95.3
686,3231,1104542,253,79372,18272,9355264,229539904,206554139,22.01,5.24,305462337,95.3
687,3671,931900,118,43844,19072,9764864,203823762,183066379,22.19,5.27,237440377,95.3
688,1939,923056,279,38020,18944,9699328,162360960,144295884,22.22,5.22,218348161,95.3
689,2260,1204043,392,62170,19344,9904128,218468755,179698320,22.12,5.23,294451187,95.3
690,2013,970025,251,47114,17488,8953856,201527557,178320130,22.3,5.25,244407390,95.3
691,2060,1007131,193,88942,20680,10588160,256025942,223161667,22.06,5.22,304485201,95.3
692,3167,797112,193,53769,16344,8368128,166183437,148287064,22.13,5.24,223077879,95.3
693,1924,1024489,567,40776,20032,10256384,157362552,203325659,22.03,5.21,278908292,95.3
694,2809,998221,393,33712,17408,8912896,178250195,159817978,22.21,5.28,218139403,95.3
695,2538,841810,265,49150,20792,10645504,146699946,153342224,22.21,5.2,218162672,95.2
696,3412,1094263,378,89735,18320,9379840,232844612,190171329,22.15,5.19,285709809,95.2
697,3332,914612,302,43638,62888,32198656,156858175,160651538,22.34,5.24,219784538,95.2
698,2210,1022917,833,57976,16688,8544256,188600288,181645784,22.31,5.2,243172212,95.2
699,2539,1250409,404,62945,18248,9342976,256537812,235913616,22.08,5.23,302937203,95.3
700,9509,864589,280,56019,17760,9093120,192629497,168790572,22.36,5.19,237581862,95.3
701,2701,858882,669,70354,18000,9216000,168744806,141045778,22.32,5.34,230073624,95.3
702,22073,1259515,5745,77846,16984,8695808,212206717,231559630,22.28,5.26,334180460,95.3
703,2027,910488,722,60583,18112,9273344,166100862,190165988,22.29,5.24,234879792,95.3
704,3820,989086,823,81572,17336,8876032,203108534,159742230,22.32,5.26,273058195,95.2
705,1895,942904,250,45678,18232,9334784,217984092,203410663,22.25,5.23,262181189,95.2
706,3600,1091560,336,54065,17432,8925184,202306766,161793801,22.3,5.26,260665937,95.1
707,5079,927488,755,72184,60688,31072256,192664111,182332434,22.39,5.26,252417260,95.0
708,3785,1201571,1361,70803,16328,8359936,247446139,244016726,22.14,5.17,330681767,95.0
709,3112,926247,562,45834,15544,7958528,172304802,159612348,22.31,5.24,253477621,95.0
710,2201,960423,270,58742,15944,8163328,190491743,156183822,22.14,5.21,239796262,95.0
711,2699,1090310,182,62101,16800,8601600,265363917,216392361,22.04,5.25,298007813,95.0
712,5300,1000989,266,24622,17592,9007104,185991331,182451123,22.16,5.22,229847711,95.0
713,1891,1049147,316,54356,17224,8818688,228634829,209670572,22.15,5.22,282228213,94.9
714,2451,1019501,711,46529,18160,9297920,182371811,161911982,22.28,5.27,232825061,95.0
715,2403,975276,409,52638,17360,8888320,124318411,152099152,22.16,5.28,242622225,94.9
716,7675,1139076,162,70374,19576,10022912,200474260,211914513,22.29,5.22,306997917,94.9
717,2253,989132,215,52925,18264,9351168,191392617,177519918,22.51,5.33,238713569,94.9
718,4259,1113210,497,28890,19152,9805824,187180410,168053560,22.12,5.27,275692050,94.9
719,3085,1113804,204,45699,19488,9977856,233688240,229487854,22.09,5.21,302056637,94.9
720,1920,1119048,144,34092,18248,9342976,153181102,150203527,22.43,5.21,250542658,94.9
721,2761,1070204,327,52453,15272,7819264,226210228,222261143,22.09,5.17,295943463,94.9
722,2568,821658,95,34767,16384,8388608,188889636,182947397,22.3,5.22,235384209,94.9
723,1448,1087122,469,64154,16224,8306688,221028355,189207557,22.45,5.23,264020175,94.9
724,2291,938707,941,78859,18056,9244672,201206885,177445182,22.21,5.18,265032310,94.9
725,2500,1135251,843,86605,14064,7200768,242113857,224368470,22.22,5.23,320590003,94.9
726,4375,869762,840,71987,12384,6340608,211347929,193158034,22.32,5.25,267697154,94.9
727,2442,679511,867,72218,18496,9469952,127225839,116683551,22.28,5.21,183291396,94.9
728,5715,1160905,560,55800,54912,28114944,265199101,239534091,22.26,5.25,319643462,94.9
729,16017,1038934,498,57368,15936,8159232,217806430,193540144,22.43,5.31,271500000,94.9
730,4002,1031103,744,40032,14352,7348224,207489341,193082285,22.27,5.21,262413466,94.9
731,6433,1200366,389,36369,16280,8335360,197055850,164085092,22.08,5.21,268017470,94.9
732,27477,950385,1072,47577,17064,8736768,197802389,188024608,22.17,5.26,252475401,94.8
733,2370,888312,567,49434,16080,8232960,122173075,148800862,22.07,5.15,211425169,94.8
734,3375,985578,543,53159,15144,7753728,203180108,189672153,22.14,5.23,278693767,94.8
735,4181,927619,900,54204,13712,7020544,183159370,186825297,22.31,5.26,243897032,94.8
736,2420,991149,814,65624,15928,8155136,222598011,200422809,22.16,5.2,266352357,94.8
737,37358,1155272,934,81285,17368,8892416,253457438,269635213,22.21,5.33,322215264,94.8
738,7943,878275,3040,72752,69056,35356672,215795691,190817624,22.47,5.26,250750332,94.8
739,6867,1098208,474,73731,17528,8974336,179206809,153506934,22.2,5.27,253505987,94.8
740,8699,1219067,518,64039,18344,9392128,226065620,204066778,22.22,5.18,305374041,94.8
741,3015,1037304,113,66465,16648,8523776,194188564,180469662,22.39,5.25,271768905,94.7
742,4001,923067,232,53802,16688,8544256,160961866,161097290,22.13,5.24,248909334,94.8
743,4183,1141129,509,55982,17592,9007104,223983316,230827680,22.24,5.23,308985720,94.9
744,5436,924973,380,41275,15712,8044544,166605598,165413110,22.4,5.24,232699745,95.0
745,2656,931773,231,47538,18336,9388032,190523982,157411919,22.18,5.21,216022968,95.0
746,7491,1322833,271,83146,16888,8646656,234042891,223085176,22.3,5.23,309636197,95.1
747,1883,1072125,317,59491,18728,9588736,248952475,215824901,22.45,5.28,267871239,95.1
748,2030,1080426,498,37906,16752,8577024,194884024,159289598,22.31,5.26,228590745,95.1
749,3699,1248972,518,85427,17240,8826880,282498443,229670176,22.31,5.21,340703488,95.2
750,1826,969663,269,68823,17232,8822784,217302201,199465068,22.39,5.25,267682881,95.2
751,2159,981938,154,57534,17696,9060352,195362596,181299155,22.27,5.23,269435498,95.2
752,3991,1316586,119,37817,18472,9457664,229954338,186896977,22.29,5.2,281271876,95.3
753,4052,991002,83,46363,17016,8712192,222109738,204265782,22.31,5.28,252222191,95.3
754,1629,889808,868,50136,17752,9089024,187580231,180617351,22.28,5.25,235821452,95.3
755,6630,1209116,973,52106,16960,8683520,243562598,211527235,22.27,5.24,299636909,95.3
756,1641,838752,841,42265,17224,8818688,227679257,200209988,22.46,5.28,245211891,95.3
757,2182,975676,811,57833,17336,8876032,179624015,165003363,22.2,5.23,230077615,95.3
758,2261,1148536,676,64826,18744,9596928,156862253,155471043,22.25,5.25,270190083,95.3
759,1862,982594,741,36735,56912,29138944,185568032,162140048,22.26,5.25,216994509,95.2
760,1590,918948,702,63051,16896,8650752,188434347,166305424,22.25,5.19,238166728,95.3
761,1447,1125742,707,85861,16832,8617984,244166191,235533617,22.33,5.26,298173813,95.3
762,3526,923048,682,75835,15024,7692288,173000623,145082147,22.34,5.2,246433926,95.3
763,2593,963729,293,51504,15488,7929856,225226694,207499049,22.26,5.17,257459468,95.2
764,4513,1238330,407,74017,11192,5730304,258989602,249681199,22.24,5.19,319714437,95.2
765,3180,866407,286,58439,11752,6017024,152982096,144789830,22.23,5.18,229047146,95.1
766,2020,874502,145,71025,14296,7319552,234053706,189978791,22.13,5.15,254212579,95.1
767,2190,986356,337,64688,16864,8634368,226432528,208156931,22.36,5.21,286854875,95.1
768,2393,1023693,339,63843,16856,8630272,201160658,190483829,22.29,5.25,271875820,95.1
769,2756,1193200,924,73355,67008,34308096,249174700,208421043,22.33,5.2,311874033,95.1
770,1646,1057616,624,55967,19040,9748480,192321067,194842709,22.43,5.22,255417166,95.1
771,3220,992364,891,65148,17704,9064448,156786114,144462999,22.15,5.32,230239947,95.1
772,6456,991000,752,78794,19136,9797632,220607426,219597038,22.13,5.25,289107835,95.1
773,3007,906512,647,38997,18592,9519104,198153229,188135896,22.33,5.23,229531441,95.1
774,2643,965299,704,61864,18432,9437184,209365003,193353516,22.36,5.36,255482846,95.1
775,8940,1350399,5168,90399,19528,9998336,280589884,286285942,22.31,5.26,354790024,95.2
776,3599,1025645,667,75159,19000,9728000,232798236,197103875,22.43,5.27,252145083,95.3
777,9228,929707,91,75555,19120,9789440,152993546,191041160,22.26,5.24,278583107,95.3
778,1996,972473,114,70577,18376,9408512,213251774,214946981,22.16,5.22,270668643,95.3
779,3619,1062869,152,72412,17592,9007104,198227353,177586722,22.32,5.27,279338897,95.3
780,2445,995522,95,42275,20032,10256384,173269676,194177198,22.01,5.17,254332202,95.3
781,2169,1177304,307,82293,17376,8896512,234004913,182982635,22.17,5.27,279597810,95.4
782,2579,910486,748,46657,18872,9662464,194549745,172812131,22.33,5.26,242871595,95.3
783,4191,993323,536,57824,19016,9736192,182477827,194126997,22.29,5.25,267606189,95.3
784,4518,1418420,164,60682,19320,9891840,271571042,253114938,22.22,5.21,335315229,95.4
785,2362,940440,102,48218,18424,9433088,173460114,160428566,22.23,5.23,236712605,95.4
786,4159,949973,541,46136,17584,9003008,171752110,170396916,22.18,5.19,230773708,95.4
787,2497,1248624,777,68654,14744,7548928,199017826,194877976,22.3,5.28,291439474,95.4
788,6890,1131648,744,45934,17944,9187328,198490644,205343267,22.2,5.28,260379246,95.4
789,4066,915894,616,40225,58848,30130176,165063285,146985010,22.22,5.25,234125444,95.4
790,3499,1124206,1136,72359,18200,9318400,233254191,208256632,22.13,5.23,304522505,95.4
791,5289,897233,713,51852,15808,8093696,186832013,170657656,22.17,5.21,250637360,95.4
792,4980,1055394,42,57332,14288,7315456,203656609,167766484,22.08,5.18,231889607,95.4
793,7531,1026877,227,67317,15656,8015872,216874560,204856986,22.14,5.27,281078572,95.4
794,2383,820103,117,34586,18376,9408512,167813851,151684208,22.15,5.21,214704466,95.4
795,4237,1209522,711,71631,19096,9777152,217327099,216590035,22.27,5.29,306283812,95.4
796,54422,1022614,1789,83649,18320,9379840,207605617,235705939,22.36,5.37,292301921,95.4
797,6966,900246,416,59085,18720,9584640,208559989,177345021,22.28,5.28,245313630,95.4
798,5619,1309514,542,68704,18432,9437184,229869903,222224161,22.12,5.23,338083054,95.4
799,5228,807606,260,64461,66064,33824768,158752193,135985571,22.27,5.3,206985255,95.3
800,2862,885434,479,60951,19048,9752576,204184249,165164742,22.1,5.17,237677724,95.4
801,3028,1149683,881,83587,18624,9535488,211382251,173915709,22.46,5.27,283290947,95.3
802,2592,1014413,726,77015,18976,9715712,186640764,186759432,22.29,5.22,282439848,95.3
803,109973,1761393,10423,81246,16832,8617984,277925450,260737134,23.21,5.58,395626912,95.3
804,20173,1044856,2717,59926,20112,10297344,212437523,184964511,22.34,5.35,268054101,95.3
805,11125,1369999,529,47433,17944,9187328,243064698,221840208,22.29,5.34,338667419,95.3
806,6717,960767,444,74666,18920,9687040,179970753,162595503,22.27,5.28,239801406,95.3
807,2891,968478,308,68616,17016,8712192,241073395,198995112,22.28,5.3,267601941,95.3
808,13672,1254976,313,55901,18344,9392128,185479166,171069284,22.35,5.36,257265027,95.3
809,4428,1015710,467,75323,22760,11653120,202965143,185157215,22.22,5.27,270621090,95.3
810,2830,987368,334,45659,17696,9060352,191232720,202156023,22.03,5.28,263483279,95.4
811,12067,1249544,575,70050,17568,8994816,187989788,202697519,22.39,5.39,319913336,95.3
812,5918,1099770,750,72097,19152,9805824,188003087,176512468,22.06,5.26,281817124,95.3
813,2235,907065,895,71243,16616,8507392,167268079,173320496,22.1,5.26,249855162,95.3
814,3998,1167481,1075,80623,19048,9752576,263369701,236151907,22.2,5.28,310096205,95.3
815,3346,838842,439,70209,18312,9375744,218375757,170474449,21.98,5.24,251155451,95.3
816,2529,964268,191,61048,18192,9314304,214413387,197355855,22.06,5.26,257939325,95.2
817,7373,1361671,428,54465,18320,9379840,222326140,220681715,22.05,5.28,290136676,95.2
818,4039,979017,418,46511,16600,8499200,159217548,155664354,21.97,5.2,236177162,95.1
819,2246,822736,255,68471,17216,8814592,170797456,172138494,22.05,5.23,232329199,95.1
820,5815,1174225,731,62101,58296,29847552,269105477,240415303,22.13,5.31,316178012,95.1
821,3205,1071938,1011,27890,18336,9388032,139076409,124283203,22.02,5.2,215238541,95.1
822,2306,993869,574,56160,18112,9273344,178953408,169100426,22.1,5.18,220951041,95.1
823,8539,1171917,840,73493,18008,9220096,241424708,226183442,22.08,5.23,278101862,95.1
824,2380,924057,725,32457,17768,9097216,171717562,141758525,22.12,5.21,201908641,95.1
825,3196,1266591,835,70843,16552,8474624,208909559,183687476,22.15,5.26,284072923,95.1
826,2032,923911,182,44011,18264,9351168,172318885,167592701,22.0,5.22,235682296,95.0
827,1961,744815,306,64147,17904,9166848,186332328,175635221,22.03,5.21,214696844,95.0
828,5356,1265874,409,65576,17640,9031680,205202941,216995403,22.29,5.29,294531844,95.0
829,2595,967373,240,69191,17728,9076736,187528840,167636032,21.98,5.28,244444752,95.0
830,4326,885070,320,33860,68640,35143680,155614798,167945833,22.2,5.22,227843911,95.0
831,3306,1187973,508,77094,17480,8949760,264208297,202813748,22.19,5.27,303061556,94.9
832,2667,930759,512,37480,18736,9592832,155242516,134898691,22.0,5.21,254567822,94.9
833,1754,866729,87,67090,18008,9220096,194580625,167801150,22.05,5.24,245078200,94.9
834,3552,1141590,304,73940,19568,10018816,264375678,241728828,22.0,5.21,299854098,94.9
835,2820,899599,49,33765,18176,9306112,206457282,185704232,21.98,5.22,235567118,95.0
836,3050,1090619,283,70564,19472,9969664,204622252,199343676,22.12,5.25,316496057,94.9
837,2495,853471,302,39645,18120,9277440,206947087,190972430,22.01,5.28,251226835,95.0
838,5032,971261,142,53312,19472,9969664,192857756,177224550,22.15,5.24,237878957,95.0
839,13192,1323422,589,74025,18216,9326592,243412452,220928799,22.05,5.27,325651045,94.9
840,3234,946956,543,20464,16704,8552448,150936306,172797978,21.99,5.18,229551698,94.9
841,1419,988269,539,34904,19096,9777152,172295111,145562540,21.95,5.19,200508803,94.9
842,2588,1182651,1072,60984,17904,9166848,206852383,187662093,22.09,5.28,272579138,95.0
843,4906,867103,695,59448,18128,9281536,206962211,187507943,22.16,5.2,247904561,95.0
844,2922,964875,312,44681,17064,8736768,179432627,152799767,22.16,5.29,227766216,95.0
845,9490,1229884,680,81539,18432,9437184,261523771,224890422,22.12,5.24,332356984,95.0
846,3232,929582,112,48572,16232,8310784,205184018,184283267,22.18,5.21,234938190,95.0
847,2252,1007546,470,75154,17592,9007104,189761313,151096897,22.63,5.47,265522423,95.0
848,148639,2137369,2270,129211,18392,9416704,345632953,325454995,22.27,5.38,427079890,95.0
849,11406,999531,622,35680,18944,9699328,182387233,194878929,22.04,5.34,243234467,95.3
850,7187,995630,667,53713,17432,8925184,189711309,169427008,22.14,5.3,234021395,95.3
851,5885,1145343,1093,69862,59112,30265344,193447878,195495601,22.15,5.27,299855757,95.3
852,3155,968256,822,59584,18216,9326592,171135888,168081325,22.15,5.24,248671220,95.3
853,2721,1039974,254,75070,18960,9707520,239141859,233113433,22.21,5.32,315320958,95.3
854,4628,1062576,311,62939,16864,8634368,180289117,168258163,22.03,5.26,262967603,95.3
855,3182,885989,228,71705,19888,10182656,188667469,176195892,22.16,5.3,238647390,95.3
856,3657,1093740,317,42810,17856,9142272,209965943,187374151,22.08,5.28,278534175,95.3
857,37781,1087790,1340,62324,19384,9924608,208141607,201068045,22.07,5.28,285767347,95.2
858,3161,911735,432,29409,18000,9216000,192870020,163668840,22.06,5.26,210902171,95.2
859,6193,1157642,1169,64263,18336,9388032,234196162,216263125,22.18,5.3,296240616,95.2
860,5364,1035220,849,73219,19008,9732096,202993410,184636790,22.19,5.29,245042200,95.2
861,2531,1097157,374,70098,65672,33624064,203691391,188311996,22.15,5.32,271282235,95.2
862,2881,1257966,598,65943,17656,9039872,231257854,198866413,22.17,5.25,304705605,95.1
863,1917,1102660,470,52460,18544,9494528,202640825,191230760,22.2,5.17,249642255,95.1
864,2791,1030537,459,44449,17432,8925184,233113429,201585085,22.29,5.25,250712312,95.1
865,2745,1232247,539,57865,19000,9728000,230866753,209037617,22.27,5.21,272175288,95.1
866,2318,765793,511,65193,17728,9076736,194789703,175361506,22.18,5.26,244379947,95.1
867,2404,810118,571,51016,18696,9572352,183010652,167012295,22.37,5.21,228231820,95.2
868,2402,1123956,790,70968,18248,9342976,249038962,227086675,22.24,5.29,318925199,95.2
869,3523,858500,591,85552,18880,9666560,234925852,188182502,22.25,5.21,266674337,95.1
870,2181,975822,386,47362,17224,8818688,205637999,178331895,22.34,5.25,248171510,95.2
871,3240,1245510,549,56891,19064,9760768,238198961,215996354,22.23,5.25,294526614,95.1
872,2487,1010947,630,49903,18064,9248768,171279514,181844063,22.21,5.25,230906001,95.2
873,2017,964915,737,75085,19528,9998336,182685110,161495373,22.21,5.23,245743599,95.2
874,2901,1079680,689,71208,17896,9162752,254258079,197061574,22.24,5.23,304323326,95.1
875,3046,940594,102,57347,19608,10039296,198983205,201144727,22.19,5.23,269416333,95.1
876,3487,979263,166,62643,17496,8957952,183552970,152264036,22.37,5.21,237471978,95.1
877,2724,1172036,95,37404,17760,9093120,241354022,215531539,22.28,5.23,300245993,95.0
878,2722,1117129,95,66869,16904,8654848,189636557,186595691,22.1,5.18,272127125,95.1
879,3130,999642,131,46473,18944,9699328,223281650,195629003,22.3,5.33,260202827,95.0
880,9148,1224044,2006,64556,17568,8994816,233728912,225339603,22.28,5.29,327076236,95.0
881,4983,922902,338,66991,62520,32010240,151472931,159942224,22.24,5.23,222853077,94.9
882,18493,917553,1140,75498,16640,8519680,206322360,178715663,22.35,5.32,254401743,94.9
883,4086,1299985,220,85699,18752,9601024,226656248,211358764,22.2,5.28,304300928,94.9
884,7791,972905,123,61861,17776,9101312,212003280,183048917,22.21,5.21,261023001,94.9
885,3699,1056593,251,63241,18184,9310208,171106137,162852549,22.37,5.28,240017237,94.9
886,6951,1216105,297,59466,17360,8888320,254593800,241557520,22.26,5.21,314007158,94.9
887,1932,968734,78,65084,17704,9064448,228295314,206824681,22.19,5.28,258880450,94.9
888,6900,1033918,1514,51259,18480,9461760,180744200,173473380,22.34,5.27,262033486,94.9
889,3862,1223805,902,56162,17600,9011200,243320812,207362637,22.24,5.25,275854363,94.9
890,3495,1082237,571,66516,17552,8986624,191198321,182265536,22.19,5.15,256780127,94.9
891,1657,889469,364,64027,16696,8548352,187801453,162795375,22.23,5.32,223260249,94.9
892,7197,1097018,560,83693,65776,33677312,248869133,218123237,22.09,5.17,286327859,94.9
893,1424,771156,286,51014,17904,9166848,148653777,124211687,22.23,5.31,215660448,94.9
894,2377,1040916,383,65645,18808,9629696,232375060,206286395,22.18,5.26,289610127,95.1
895,4607,978661,291,75060,18704,9576448,183518226,152820266,22.26,5.24,261819895,95.2
896,1718,925552,444,82435,18112,9273344,199796129,184112947,22.12,5.25,257044465,95.1
897,1829,1165823,614,51590,17848,9138176,184786441,200636986,22.3,5.28,302527575,95.1
898,1461,1055210,301,64308,19016,9736192,194391039,183701141,22.2,5.21,250201797,95.1
899,1537,1075028,434,33641,17752,9089024,174270017,193281913,22.3,5.27,260344232,95.0
900,2414,1202706,307,37660,19048,9752576,227784384,192673178,21.99,5.19,277294158,95.0
901,1773,849416,196,60112,17864,9146368,157469772,121439905,22.12,5.22,217029409,95.0
902,7010,1048348,346,71695,19736,10104832,197868151,197101473,22.16,5.25,284621786,95.0
903,1979,988176,275,48712,17400,8908800,174694830,176187671,22.14,5.17,248027508,95.0
904,2241,999333,354,43486,18008,9220096,189882272,165349184,22.15,5.24,226981620,94.9
905,3062,1136929,792,60218,15544,7958528,194351446,199293176,22.0,5.19,276356212,94.9
906,2269,857048,687,46148,16000,8192000,121660188,114991550,22.44,5.47,204272937,95.0
907,182549,1403324,11916,70944,14280,7311360,215581636,242288641,22.19,5.28,334454775,95.0
908,12029,1289557,689,80850,15712,8044544,221166017,183653068,22.07,5.25,280271320,94.9
909,2944,883822,434,36472,15504,7938048,159741692,152187444,22.21,5.26,242009770,95.0
910,7435,1063712,616,67572,18048,9240576,241653980,207708983,22.27,5.31,306837538,95.0
911,3062,1019124,249,57757,15808,8093696,237401785,208749186,22.25,5.35,264070572,94.9
912,8131,988821,4815,86117,55088,28205056,216026197,186350211,22.25,5.28,255121744,94.9
913,4376,1193887,462,32487,14344,7344128,237494274,214068327,22.02,5.25,281574907,94.9
914,3083,925768,209,45113,14384,7364608,155637838,147592516,22.01,5.26,221013091,94.9
915,4830,921036,170,44381,17040,8724480,182102560,166755485,22.16,5.3,229314994,94.9
916,11424,1108454,413,47091,15272,7819264,228272111,196787926,22.26,5.17,263974312,94.9
917,121180,1531509,7885,45706,0,0,224119853,219352567,22.19,5.18,313414722,94.9
918,31653,1426360,345,59814,0,0,190753840,196262876,21.96,5.03,275339798,95.0
919,9216,789572,252,54213,0,0,123521226,94278502,21.98,5.1,186580609,94.9
920,8613,833574,642,43100,6360,3256320,163163821,145934221,22.22,5.37,195020559,94.9
921,9201,1110634,855,76570,19232,9846784,229083872,212487285,22.92,5.53,324473707,95.0
922,120435,1661775,9596,122731,69536,35602432,309740675,325627936,22.59,5.54,375510444,95.0
923,31946,1333299,699,102379,21144,10825728,223904999,191124653,22.19,5.32,262255579,94.9
924,65046,1301866,1601,79649,20080,10280960,225340005,243424698,22.28,5.43,315652894,95.0
925,13325,1004086,420,68242,21536,11026432,231217174,227498062,22.24,5.3,275067239,94.9
926,4797,954357,411,40463,18544,9494528,186836583,168650885,22.22,5.31,248045833,95.0
927,5788,1224246,676,87695,20192,10338304,221778530,211854038,22.14,5.3,308261332,95.0
928,3274,1016819,789,77601,20824,10661888,186095341,166067759,22.33,5.31,241975308,95.0
929,3770,1105374,732,46535,17816,9121792,213957276,199140746,22.1,5.25,259480072,95.0
930,4444,1158357,1172,88560,19208,9834496,259699504,232784092,22.03,5.25,313016181,95.0
931,1939,838942,753,68905,17800,9113600,228531301,184446064,22.26,5.26,253008267,95.0
932,2759,1004636,628,61566,16528,8462336,190108428,182515149,22.05,5.21,256484018,95.0
933,2306,1109475,205,78813,16976,8691712,239428589,231644362,22.05,5.29,314162670,95.0
934,2935,894703,371,62031,20792,10645504,211360025,191681631,22.33,5.32,252945117,95.0
935,3566,1010611,172,64552,20192,10338304,176243541,177077030,22.19,5.32,245561890,95.0
936,3680,1250455,159,59232,20520,10506240,251265778,211432058,22.15,5.24,297934778,95.0
937,2160,1024814,657,27172,18632,9539584,210012413,181498211,22.33,5.21,249247797,95.0
938,2838,1161040,696,48251,17928,9179136,239264656,219101286,22.19,5.29,307282507,95.0
939,3227,848114,129,73190,18896,9674752,174792712,161128893,22.25,5.29,258293767,94.9
940,3287,929065,255,59407,20568,10530816,215420641,179648258,22.24,5.28,264593177,95.0
941,5797,1283117,200,44374,18160,9297920,222207649,212298447,22.11,5.26,291330310,95.0
942,3394,1026430,342,59350,19400,9932800,192131281,192667653,22.05,5.22,245509367,94.9
943,3953,770449,254,74163,53960,27627520,156020168,164748561,22.18,5.26,250240116,94.9
944,4241,1157449,175,59853,19880,10178560,232714164,204453155,22.16,5.31,305093841,95.0
945,3739,1050774,230,65389,20144,10313728,193839956,184413400,22.26,5.28,233219342,94.9
946,2277,979004,709,58528,20856,10678272,178542008,174211897,22.15,5.22,251783402,94.9
947,2586,1160898,1257,37085,18672,9560064,238992055,223885254,22.08,5.22,292981232,94.9
948,1931,831917,932,62198,17952,9191424,188568524,154519540,22.21,5.19,200765007,94.9
949,2340,1168380,584,78789,18104,9269248,226440055,218205679,22.27,5.26,322581163,94.9
950,6724,980806,61,69356,20456,10473472,226448651,183109698,22.28,5.28,259922016,94.9
951,4093,1062197,641,42256,20632,10563584,169985663,182234215,22.13,5.24,244639894,94.8
952,2917,1185501,743,44224,20192,10338304,208711456,200414400,22.21,5.29,276722148,95.0
953,3774,1072477,530,59403,67640,34631680,226478137,200778962,22.29,5.27,259831200,95.1
954,3107,1057893,290,35922,20032,10256384,203570909,172637260,22.23,5.19,237231379,95.1
955,3348,1225014,202,44136,19808,10141696,231026865,238328081,22.11,5.21,303891340,95.2
956,2488,866780,162,51099,19152,9805824,204784561,182693477,22.18,5.27,244277303,95.2
957,2355,889307,214,62665,20104,10293248,170307503,140980493,22.15,5.25,214554882,95.3
958,5614,1177888,2059,62138,19424,9945088,216984770,213623069,22.04,5.22,300671272,95.3
959,2581,940074,258,36607,19648,10059776,161288912,159163221,22.18,5.22,225526172,95.3
960,2963,1131246,211,55169,16856,8630272,223474350,204710281,22.18,5.26,306339229,95.3
961,1506,898969,388,63206,20672,10584064,183102258,181845082,22.32,5.27,242660722,95.2
962,2870,887636,933,66460,20280,10383360,183320456,181700309,22.16,5.27,243535650,95.2
963,3468,1074224,184,87521,20632,10563584,266089530,229704955,22.1,5.25,313985160,95.1
964,4423,938223,293,58486,19216,9838592,221639865,195185965,22.39,5.29,251903985,95.1
965,2748,885587,187,62989,20192,10338304,185096300,175850527,22.34,5.29,234145428,94.9
966,9677,1233186,910,76147,20512,10502144,199537085,221498612,22.02,5.27,320713340,94.9
967,2361,776724,224,36841,19944,10211328,179552994,172090307,22.26,5.23,233905763,95.0
968,2184,1097337,354,83185,17696,9060352,171841947,189636772,22.18,5.19,288198790,95.3
969,2058,992324,343,49791,17024,8716288,229644676,205611958,22.13,5.22,263705155,95.4
970,1417,905384,217,57571,18784,9617408,166349414,179034462,22.13,5.2,237924759,95.4
971,5168,1124018,242,66275,18000,9216000,238098883,213111666,22.14,5.31,291441574,95.4
972,5611,868566,518,73461,18032,9232384,171100023,156543442,22.17,5.27,243804455,95.3
973,2079,822826,512,46262,17640,9031680,172713115,164892914,22.1,5.23,233052177,95.3
974,6627,1193041,226,64539,64880,33218560,208378733,206185434,22.1,5.28,298496548,95.3
975,4531,986676,416,42325,18224,9330688,136737435,149577565,22.27,5.25,244997770,95.3
976,2240,989986,338,41088,19000,9728000,202384094,197235766,22.16,5.26,240776244,95.3
977,3326,1240172,148,63788,18928,9691136,244791371,200725431,22.19,5.31,276420061,95.2
978,8354,985092,1031,45018,17376,8896512,163441761,204236080,22.24,5.24,253839842,95.2
979,3832,1058521,607,44019,15536,7954432,202486620,182391281,22.04,5.26,233596174,95.1
980,8360,1117721,467,63951,17008,8708096,193298024,155185679,22.14,5.25,249337671,95.2
981,8561,830608,382,68542,16408,8400896,179231457,184421049,22.22,5.31,229863709,95.1
982,14021,1287221,1304,62555,16280,8335360,251834953,209300946,22.56,5.53,320311770,95.1
983,25262,1071764,6961,69271,16232,8310784,265763411,214482509,22.65,5.63,292858228,95.1
984,148979,1292924,11845,91931,66152,33869824,219365406,236788371,22.3,5.43,329827400,95.1
985,17415,1331296,492,72711,20144,10313728,263574327,217775424,22.04,5.3,321312309,95.1
986,4602,868583,146,34249,18704,9576448,169849939,176731733,22.25,5.29,222864027,95.1
987,3805,879768,208,46441,20048,10264576,194002851,181246310,21.89,5.26,226752612,95.1
988,5624,1212621,425,53543,18632,9539584,239351531,218923595,22.31,5.29,296539506,95.1
989,106048,1453996,12384,103008,17336,8876032,243387964,235313122,23.35,5.69,313498293,95.0
990,346102,4117447,5065,77541,18176,9306112,344439744,303870407,22.74,5.6,428470071,95.0
991,18208,1321674,407,63788,17136,8773632,252622846,228535010,22.46,5.4,327709402,95.0
992,4074,963478,472,59973,19096,9777152,131521264,140263125,22.35,5.3,246694246,95.0
993,2032,957872,267,48102,19000,9728000,176138974,154991597,22.17,5.36,217727483,95.0
994,2397,1184755,976,64498,18096,9265152,188868294,196960642,22.34,5.32,293465281,94.9
995,4977,967842,308,60462,19264,9863168,145139209,182831136,21.7,5.35,248973254,94.9
996,3129,1214537,1247,69315,16856,8630272,181726873,210149757,22.22,5.27,279580792,95.0
997,10669,1033806,1061,54961,16912,8658944,160365069,168385643,22.08,5.23,259760138,94.9
998,2480,901923,688,51601,17776,9101312,222032339,184690048,22.07,5.3,251635189,94.9
999,11844,1259210,6550,80016,17152,8781824,212142855,205344708,22.05,5.32,308733531,95.0
1000,0,0,0,0,19096,9777152,0,0,22.09,5.25,0,94.9
1001,0,0,0,0,19824,10149888,0,0,22.19,5.28,0,94.9
